Domains,Sequence Number Diff
vir.wsj.net/m.wsj.net,17568
images.wsj.net,30060
s.wsj.net,6133
www.wsj.com/sts3.wsj.net/cdn-gl.imrworldwide.com,454
tr.outbrain.com/log.outbrainimg.com,3801
ocsp.int-x3.letsencrypt.org,1827
cdn.cxense.com/scdn.cxense.com,460
px.powerlinks.com,14413
asset.wsj.net,226
ps.eyeota.net,12976
adservice.google.com,793
mcdp-nydc1.outbrain.com,3861
aa.agkn.com,4850
ib.adnxs.com,4008
sp1cluster.cxense.com/id.cxense.com,8530
scomcluster.cxense.com,4070
08477daff10859cf9757196e1450f92f.safeframe.googlesyndication.com,793
accounts.wsj.com,226
content-autofill.googleapis.com,793
ad.turn.com,7736
pixel.videohub.tv,5859
assets.vidora.com/cdn.pprl.io/app.link,226
www.googletagservices.com/pagead2.googlesyndication.com,793
log.ncaudienceexchange.com,3020
video-api.shdsvc.dowjones.io,226
