Domain,Num IPs,IPs
PDOM05.pu.win.princeton.edu,1,['10.6.48.144']
alumni.Princeton.EDU,1,['34.228.150.183']
MNZ-efz.ms-acdc.office.com,36,"['52.96.35.2', '40.97.188.242', '52.96.87.194', '52.96.40.242', '52.96.33.82', '52.96.9.178', '40.97.188.2', '52.96.88.18', '52.96.69.2', '52.96.9.2', '52.96.88.2', '52.96.15.178', '40.97.190.18', '52.96.88.98', '52.96.62.226', '52.96.32.178', '52.96.88.34', '52.96.64.130', '52.96.87.210', '52.96.88.50', '52.96.58.98', '52.96.32.2', '52.96.88.66', '52.96.88.82', '52.96.87.226', '52.96.38.82', '52.96.35.178', '40.97.190.2', '52.96.70.242', '52.96.15.2', '52.96.19.82', '52.96.87.242', '52.96.44.162', '52.96.69.50', '40.97.188.226', '52.96.88.114']"
gen-zabbix.Princeton.EDU,1,['128.112.117.190']
PDOM08.pu.win.princeton.edu,1,['10.6.48.145']
Princeton.EDU,1,['140.180.223.22']
PDOM07.pu.win.princeton.edu,1,['10.6.48.30']
PRINCETON.EDU,1,['140.180.223.22']
feynman.Princeton.EDU,1,['128.112.100.5']
eissql101w-netmgt.Princeton.EDU,1,['172.19.0.90']
mccdigrec207w.Princeton.EDU,1,['140.180.220.12']
cy24-2049.Princeton.EDU,1,['172.18.194.101']
ims317.Princeton.EDU,1,['128.112.134.66']
isserv215.Princeton.EDU,1,['10.6.48.114']
aishmsres201w.Princeton.EDU,1,['140.180.220.183']
aqua.Princeton.EDU,1,['128.112.36.41']
seungworkstation09.Princeton.EDU,1,['128.112.220.90']
spcvmsts214w.Princeton.EDU,1,['140.180.221.110']
ais223l.Princeton.EDU,1,['10.6.47.15']
aisgold7202w.Princeton.EDU,1,['140.180.221.56']
cdh-db.Princeton.EDU,1,['172.19.70.36']
idpqa.Princeton.EDU,2,"['18.215.32.83', '100.24.220.125']"
aisfrevvo300w.Princeton.EDU,1,['140.180.220.65']
aishmsres110w.Princeton.EDU,1,['140.180.221.41']
XpressReg.Net,1,['66.203.65.115']
netvirtu02.Princeton.EDU,1,['140.180.225.85']
iammimweb101w.Princeton.EDU,1,['10.6.57.46']
nisslave-dev.Princeton.EDU,1,['128.112.128.15']
aruba-cppm-05.Princeton.EDU,1,['128.112.128.28']
tools.Princeton.EDU,1,['140.180.222.56']
ALUMNI.PRINCETON.EDU,1,['34.228.150.183']
cisdrroxen200l.Princeton.EDU,1,['140.180.220.179']
fac112w.Princeton.EDU,1,['140.180.220.63']
dps203w.Princeton.EDU,1,['140.180.220.38']
eiscpan100l.Princeton.EDU,1,['140.180.221.46']
e315-printer.Princeton.EDU,1,['10.254.4.188']
oaamx202l.Princeton.EDU,1,['140.180.220.103']
OCP-713DQD2.princeton.edu,1,['128.112.29.13']
mta-XXX0.cluster2.blackbaud.net,1,['216.235.195.73']
AISHMSRES202W.PRINCETON.EDU,1,['10.6.49.253']
HCAhealthcare.com,1,['165.214.41.39']
HKG-efz.ms-acdc.office.com,1,['52.98.85.194']
cy48-0597.Princeton.EDU,1,['172.18.32.75']
EISSQL209W.PRINCETON.EDU,1,['10.6.49.120']
eyeinthesky.Princeton.EDU,1,['128.112.133.130']
LISTS.PRINCETON.EDU,1,['128.112.131.33']
PALMS.EE.PRINCETON.EDU,1,['128.112.48.247']
seungworkstation23.Princeton.Edu,1,['128.112.218.16']
Bertuccis.fbmta.com,1,['20.185.214.2']
eis222l.Princeton.EDU,1,['128.112.129.171']
eisssrs201w.Princeton.EDU,1,['10.6.51.0']
essesx202v-netmgt.Princeton.EDU,1,['172.19.0.32']
asetc206l.Princeton.EDU,1,['140.180.221.15']
eis308l.Princeton.EDU,1,['128.112.134.126']
cch200w.Princeton.EDU,1,['140.180.221.100']
asrv201w.Princeton.EDU,1,['140.180.220.96']
ele304l.Princeton.EDU,1,['140.180.220.98']
epm201l.Princeton.EDU,1,['10.6.47.20']
puqa06.zeta.adtest.Princeton.EDU,1,['10.21.1.14']
Smbserve.princeton.edu,2,"['172.19.70.81', '172.19.70.84']"
eyeinthesky-infranet1.Princeton.EDU,1,['172.18.0.10']
Princeton.edu,1,['140.180.223.22']
dev-webprod-ogv.Princeton.EDU,1,['140.180.220.124']
aisgold7301w.Princeton.EDU,1,['140.180.221.49']
andvlab200l.Princeton.EDU,1,['140.180.221.24']
aisgold6web100w.Princeton.EDU,1,['140.180.220.147']
cisdr202l.Princeton.EDU,1,['140.180.220.105']
eissql203w-netmgt.Princeton.EDU,1,['172.19.0.120']
fac-geoprod.Princeton.EDU,1,['140.180.221.124']
prz205w.Princeton.EDU,1,['140.180.221.71']
essesx215v-netmgt.Princeton.EDU,1,['172.19.0.210']
csgsawmill200l.Princeton.EDU,1,['128.112.131.71']
roxdb01qa-netmgt.Princeton.EDU,1,['172.19.0.155']
vpft101w.Princeton.EDU,1,['140.180.220.50']
TSTLDAP.princeton.edu,1,['128.112.222.29']
IBLSERVER.princeton.edu,2,"['128.112.219.86', '172.29.0.11']"
fedqa.Princeton.EDU,2,"['3.220.168.44', '3.220.168.135']"
psiturk-lositsk.Princeton.EDU,1,['128.112.102.65']
MAE-SERVER.princeton.edu,1,['128.112.38.75']
iCloud.com,1,['17.253.144.10']
eissql2b.Princeton.EDU,1,['10.6.50.178']
arc-hestia.Princeton.EDU,1,['140.180.220.34']
ap-0127-0052.Princeton.EDU,1,['10.252.81.73']
LISTSERV.SYR.EDU,1,['128.230.171.72']
LALAWLIBRARY.ORG,1,['50.87.238.35']
cy48-0598.Princeton.EDU,1,['172.18.32.60']
mta-ROOF.cluster2.blackbaud.net,1,['216.235.195.34']
puppet.pni.Princeton.EDU,1,['128.112.217.78']
DuckDNSAppELB-570522007.us-west-2.elb.amazonaws.com,2,"['54.148.29.226', '34.208.211.37']"
smtp.Princeton.EDU,1,['140.180.222.58']
cy48-1705.Princeton.EDU,1,['172.18.3.211']
220-133-97-20.HINET-IP.hinet.net,1,['220.133.97.20']
sis223l.Princeton.EDU,1,['10.6.52.184']
TSM8.PRINCETON.EDU,1,['128.112.128.113']
LIB-STAFFMUS003.princeton.edu,1,['128.112.140.25']
WESTOFF.princeton.edu,1,['128.112.150.208']
csgsmtp100l.Princeton.EDU,1,['140.180.223.157']
lists.Princeton.EDU,1,['128.112.131.33']
WIN04.win.princeton.edu,1,['10.6.48.10']
aisob101w.Princeton.EDU,1,['10.6.49.143']
asoar201l.Princeton.EDU,1,['140.180.220.69']
dev-webqa-ogv.Princeton.EDU,1,['140.180.220.126']
eissql3a.Princeton.EDU,1,['10.6.50.23']
eistsm210l-netmgt.Princeton.EDU,1,['172.19.0.88']
aissimfony7202w.Princeton.EDU,1,['140.180.220.240']
as202l.Princeton.EDU,1,['140.180.220.190']
ath202w.Princeton.EDU,1,['140.180.220.55']
cla200l.Princeton.EDU,1,['140.180.221.42']
csla100w.Princeton.EDU,1,['140.180.220.111']
ldap06.Princeton.edu,1,['10.6.63.113']
nismaster4-dev.Princeton.EDU,1,['128.112.129.188']
aisgold6web200w.Princeton.EDU,1,['140.180.221.40']
heymon-infranet1.Princeton.EDU,1,['172.18.0.152']
aisfsa201w.Princeton.EDU,1,['140.180.221.91']
aruba-cppm-01.Princeton.EDU,1,['128.112.128.11']
Lockhart.princeton.edu,1,['172.19.70.62']
eis-fwmgr.Princeton.EDU,1,['128.112.130.95']
math.Princeton.EDU,1,['128.112.18.16']
iammimweb300w.Princeton.EDU,1,['10.6.57.21']
ais210l.Princeton.EDU,1,['128.112.130.115']
netvclock200l.Princeton.EDU,1,['140.180.220.26']
pdom06-netmgt.Princeton.EDU,1,['172.19.0.110']
fac114w.Princeton.EDU,1,['140.180.221.73']
sdp101w.Princeton.EDU,1,['10.6.61.12']
sdpprox301l.Princeton.EDU,1,['10.6.57.22']
phtess1.astro.Princeton.EDU,1,['128.112.26.63']
ss225w.Princeton.EDU,1,['140.180.220.159']
mail.YANDEX.ru,1,['77.88.21.37']
mta-ZXXX.cluster3.blackbaud.net,1,['216.235.195.196']
Delta-ELB-1549258696.us-east-1.elb.amazonaws.com,1,['3.90.195.49']
cy48-1296.Princeton.EDU,1,['172.18.4.153']
Files.princeton.edu,4,"['172.19.70.83', '172.19.70.84', '172.19.70.82', '172.19.70.81']"
LISTSERV.LOC.GOV,1,['140.147.55.47']
phyindico.Princeton.EDU,1,['128.112.102.100']
cy48-0599.Princeton.EDU,1,['172.18.32.20']
csghubprod.Princeton.EDU,1,['140.180.223.18']
csi200w.Princeton.EDU,1,['140.180.220.151']
iamcas102l.aws.Princeton.EDU,1,['10.21.1.96']
esm.Princeton.EDU,1,['128.112.133.222']
wasspdb201w-netmgt.Princeton.EDU,1,['172.19.0.19']
wasspowa207w.Princeton.EDU,1,['10.6.55.62']
aisgold7200w.Princeton.EDU,1,['140.180.221.54']
ims302.Princeton.EDU,1,['128.112.131.12']
airwave-dormnet.Princeton.EDU,1,['128.112.133.136']
essesx292v-netmgt.Princeton.EDU,1,['172.19.1.14']
essesx241v-netmgt.Princeton.EDU,1,['172.19.0.56']
fac203w-gisprod.Princeton.EDU,1,['140.180.220.131']
pcs300l.Princeton.EDU,1,['140.180.221.1']
dasweb228w.Princeton.EDU,1,['140.180.220.47']
FPL.com,1,['155.109.171.100']
ele200l.Princeton.EDU,1,['128.112.134.58']
airwave6.Princeton.EDU,1,['128.112.128.69']
sentinel-netmgt.Princeton.EDU,1,['172.19.0.171']
cy48-0709.Princeton.EDU,1,['172.18.0.99']
OCP-8CSWKH2.princeton.edu,1,['128.112.185.246']
eissql207w-netmgt.Princeton.EDU,1,['172.19.0.86']
iammimweb200w.Princeton.EDU,1,['10.6.57.50']
eistsm208l.Princeton.EDU,1,['128.112.128.113']
iamweb200w.Princeton.EDU,1,['140.180.220.88']
oaapcvm203l.Princeton.EDU,1,['140.180.220.177']
aissimfony7203w.Princeton.EDU,1,['10.6.49.153']
ssvr208w.Princeton.EDU,1,['140.180.220.150']
iamshib204w.Princeton.EDU,1,['10.6.54.24']
devdesk.Princeton.EDU,1,['140.180.220.113']
eistsm207l.Princeton.EDU,1,['128.112.128.112']
new-heymon-infranet3.Princeton.EDU,1,['172.18.65.176']
fac214w-centric.Princeton.EDU,1,['140.180.220.89']
iamprox103l.Princeton.EDU,1,['10.6.56.48']
wasspfe204w.Princeton.EDU,1,['10.6.55.52']
tre201w.Princeton.EDU,1,['140.180.221.68']
cisdrswh201l.Princeton.EDU,1,['10.6.62.29']
receiver03.Princeton.EDU,1,['128.112.128.20']
cses01.Princeton.EDU,1,['128.112.130.194']
eisess200l.Princeton.EDU,1,['10.6.61.28']
essosd202w.Princeton.EDU,1,['128.112.129.172']
odoc200l.Princeton.EDU,1,['140.180.220.40']
uss310l.Princeton.EDU,1,['140.180.221.87']
airwave-failover.Princeton.EDU,1,['128.112.128.63']
dev203w-netmgt.Princeton.EDU,1,['172.19.0.11']
eissql100w-netmgt.Princeton.EDU,1,['172.19.0.89']
raritan-newsouth-machineroom-oob.Princeton.EDU,1,['172.18.3.179']
raas03.Princeton.EDU,1,['128.112.130.63']
border-87-router.Princeton.EDU,4,"['204.153.48.9', '204.153.48.21', '204.153.48.22', '204.153.48.41']"
ALBANY.EDU,1,['18.216.105.254']
eisnet200l.Princeton.EDU,1,['192.168.4.245']
epm303l.aws.Princeton.EDU,1,['10.21.28.185']
essesx211v-netmgt.Princeton.EDU,1,['172.19.1.101']
uhs212w.Princeton.EDU,1,['10.6.63.66']
gso301w.Princeton.EDU,1,['140.180.221.106']
ap-0127-0053.Princeton.EDU,1,['10.252.81.78']
netbmfctrl1.Princeton.EDU,1,['172.18.2.11']
ces201w-ts.Princeton.EDU,1,['140.180.220.85']
cy48-0934.Princeton.EDU,1,['172.18.2.54']
DioceseofTrenton.org,1,['35.171.57.87']
fac313w.Princeton.EDU,1,['140.180.220.62']
rtr-agg-0617.Princeton.EDU,1,['10.252.14.125']
psy200w.Princeton.EDU,1,['140.180.220.149']
prz203w-netmgt.Princeton.EDU,1,['172.19.0.34']
dumper05.Princeton.EDU,1,['10.6.63.108']
mrtg.net.Princeton.EDU,1,['128.112.134.12']
new-heymon-infranet7.Princeton.EDU,1,['172.18.224.11']
roxdb01-netmgt.Princeton.EDU,1,['172.19.0.146']
pol202w.Princeton.EDU,1,['140.180.220.43']
S010638d547890af0.cg.shawcable.net,1,['68.144.61.70']
dev-webprod-tt.Princeton.EDU,1,['140.180.220.125']
geo-had-server.Princeton.EDU,1,['140.180.220.167']
kirby.Princeton.EDU,1,['128.112.129.176']
aisob311w.Princeton.EDU,1,['10.6.57.37']
MAIL.CAREERMD.COM,1,['169.53.70.149']
CareerMD.com,1,['3.18.93.174']
YRCFreight.com,1,['192.0.79.33']
cy48-2221.Princeton.EDU,1,['172.18.1.222']
Lowrie.princeton.edu,4,"['172.19.70.45', '172.19.70.58', '172.19.70.56', '172.19.70.44']"
isotx200l.Princeton.EDU,1,['10.6.32.22']
art200l.Princeton.EDU,1,['140.180.221.31']
dng205w.Princeton.EDU,1,['140.180.221.121']
sasspdc316w.Princeton.EDU,1,['140.180.221.0']
Clark4Clerk.com,1,['162.255.118.194']
pni-had-server.Princeton.EDU,1,['140.180.220.169']
das210w-netmgt.Princeton.EDU,1,['172.19.0.18']
aisgold7100w.Princeton.EDU,1,['140.180.221.51']
csglists200l.Princeton.EDU,1,['128.112.133.202']
cy48-0601.Princeton.EDU,1,['172.18.32.68']
aisgold7302w.Princeton.EDU,1,['140.180.221.50']
das300w.Princeton.edu,1,['140.180.220.208']
eistsm211l.Princeton.EDU,1,['128.112.128.116']
swrtr-0598.Princeton.EDU,1,['10.252.14.65']
epm301w.aws.Princeton.EDU,1,['10.21.31.1']
ConsumerCellular.com,1,['204.152.164.50']
cy48-1643.Princeton.EDU,1,['172.18.1.76']
csgtools300l.Princeton.EDU,1,['10.6.49.146']
aissimfony7102w.Princeton.EDU,1,['140.180.220.60']
aruba-cppm-02.Princeton.EDU,1,['128.112.128.14']
essesx290v-netmgt.Princeton.EDU,1,['172.19.0.231']
MOL-1Y3KZL1.pu.win.princeton.edu,1,['128.112.112.192']
aishmsres121w.Princeton.EDU,1,['140.180.220.184']
cisdr205w.Princeton.EDU,1,['140.180.221.98']
mccweb200w.Princeton.EDU,1,['140.180.220.25']
mol103l.Princeton.EDU,1,['140.180.220.235']
heymon-infranet3.Princeton.EDU,1,['172.18.64.152']
mta-SWXS.cluster3.blackbaud.net,1,['216.235.195.145']
FromPrisonCellsToPhd.org,1,['199.34.228.43']
Advokatservices.com,1,['192.0.78.229']
ap-0127-0054.Princeton.EDU,1,['10.252.81.42']
extmta1-IPC.aexp.com,1,['148.173.91.83']
Northeastern.edu,1,['155.33.17.68']
cy48-0774.Princeton.EDU,1,['172.18.3.127']
ais208l.Princeton.EDU,1,['128.112.130.57']
eisprtmgt201w.Princeton.EDU,1,['128.112.129.193']
essesx214v-netmgt.Princeton.EDU,1,['172.19.0.185']
eisess205l.Princeton.EDU,1,['140.180.220.48']
alumni.Princeton.edu,1,['34.228.150.183']
cy48-0602.Princeton.EDU,1,['172.18.32.70']
libserv39.Princeton.EDU,1,['128.112.201.102']
ss217w.Princeton.EDU,1,['10.6.48.186']
ats-dia212w.Princeton.EDU,1,['140.180.220.70']
eissql2a.Princeton.EDU,1,['10.6.50.159']
pol100l.Princeton.EDU,1,['128.112.132.123']
lib-lockss.Princeton.EDU,1,['128.112.200.63']
cy48-0439.Princeton.EDU,1,['172.18.4.90']
DPS-SUPPORT.princeton.edu,1,['128.112.8.156']
iamshib103w.aws.Princeton.EDU,1,['10.21.1.179']
aisgold7300w.Princeton.EDU,1,['140.180.221.48']
backupvpn2.Princeton.EDU,1,['140.180.226.102']
iamlds300w.Princeton.EDU,1,['140.180.221.94']
www-dept-edit.Princeton.EDU,1,['140.180.220.199']
das101w.Princeton.EDU,1,['140.180.220.205']
epm202l.Princeton.EDU,1,['10.6.47.19']
ss209l.Princeton.EDU,1,['140.180.221.19']
sasiw230w.Princeton.EDU,1,['140.180.221.35']
dsl200w.Princeton.EDU,1,['140.180.220.108']
csglists300l.Princeton.EDU,1,['128.112.134.81']
iamencoder206w-netmgt.Princeton.EDU,1,['172.19.0.91']
siem-ace.Princeton.EDU,1,['128.112.134.246']
wasspdb200w-netmgt.Princeton.EDU,1,['172.19.0.24']
receiver01.Princeton.EDU,1,['128.112.134.226']
waspprod03l.Princeton.EDU,1,['140.180.220.82']
fac212w.Princeton.EDU,1,['140.180.221.39']
ais209l.Princeton.EDU,1,['128.112.130.96']
gso201w.Princeton.EDU,1,['140.180.221.108']
andlchaos300l.Princeton.EDU,1,['140.180.220.191']
ssepo224w.Princeton.EDU,1,['140.180.221.116']
eissql204w-netmgt.Princeton.EDU,1,['172.19.0.47']
prescott.Princeton.EDU,1,['128.112.134.248']
wasspdc205w.Princeton.EDU,1,['140.180.220.174']
dasdia212w.Princeton.EDU,1,['140.180.220.110']
fin203w.Princeton.EDU,1,['140.180.220.81']
amu203l.Princeton.EDU,1,['140.180.221.59']
hoover1-netmgt.Princeton.EDU,1,['172.19.0.176']
fac-infoctr1-netmgt.Princeton.EDU,1,['172.19.0.68']
sas202l.Princeton.EDU,1,['10.6.47.18']
ims314.Princeton.EDU,1,['140.180.221.25']
iamprox102l.Princeton.EDU,1,['10.6.56.41']
cx48-0092.Princeton.EDU,1,['172.18.4.248']
HDRedirect-LB5-1afb6e2973825a56.elb.us-east-1.amazonaws.com,1,['23.20.239.12']
mail.HoneyBaked.com,1,['216.253.66.24']
siem-elm.Princeton.EDU,1,['128.112.129.243']
css228w.Princeton.EDU,1,['140.180.220.90']
eyeinthesky-infranet7.Princeton.EDU,1,['172.18.224.10']
raritan-hpcrc.Princeton.EDU,1,['172.18.194.98']
lar-watchdog2.Princeton.EDU,1,['140.180.220.120']
HoneyBaked.com,1,['192.235.101.50']
netmon200l.Princeton.EDU,1,['140.180.220.155']
AIS316W.princeton.edu,1,['10.6.49.128']
oaamx201l.Princeton.EDU,1,['140.180.220.102']
fac-rds-202w.Princeton.EDU,2,"['172.20.50.11', '10.6.51.115']"
ptr200w.Princeton.EDU,2,"['172.20.92.38', '10.6.51.104']"
AmericanLibertyOutreach.com,1,['205.186.187.123']
lrdc201w.Princeton.EDU,2,"['10.6.50.1', '10.6.48.138']"
lrdc202w.Princeton.EDU,2,"['10.6.49.100', '10.6.48.206']"
lrdc206w.Princeton.EDU,2,"['10.6.48.210', '10.6.49.149']"
lrdc203w.Princeton.EDU,2,"['10.6.48.207', '10.6.48.211']"
lrdc205w.Princeton.EDU,2,"['10.6.48.209', '10.6.49.84']"
pdom09.aws.Princeton.EDU,1,['10.21.1.208']
pdom10.aws.Princeton.EDU,1,['10.21.1.86']
cy48-0603.Princeton.EDU,1,['172.18.32.24']
homeserver2.Princeton.EDU,3,"['172.19.70.81', '172.19.70.84', '172.19.70.82']"
SwissAmerica.com,1,['184.178.198.25']
ap-0127-0055.Princeton.EDU,1,['10.252.81.34']
lrdc204w.Princeton.EDU,2,"['10.6.48.208', '10.6.48.243']"
Ambilt.com,1,['23.24.90.197']
eyeinthesky-infranet2.Princeton.EDU,1,['172.18.32.10']
waseqa03l.Princeton.EDU,1,['140.180.221.30']
cisdrex101w.Princeton.EDU,1,['10.6.60.214']
das210w.Princeton.EDU,1,['140.180.220.251']
uss201w.Princeton.EDU,1,['140.180.220.57']
isoproxy200w.Princeton.EDU,1,['140.180.221.118']
raritan-87pr-network-lab.Princeton.EDU,1,['172.18.3.30']
exchangeimap.Princeton.EDU,1,['140.180.223.46']
ims204.Princeton.edu,1,['128.112.129.122']
eisnet202l.Princeton.EDU,1,['140.180.221.88']
gso300w.Princeton.EDU,1,['140.180.220.94']
ss215w.Princeton.EDU,1,['140.180.220.72']
myCheapOair.com,1,['184.168.131.241']
LIB-GIS029.princeton.edu,1,['128.112.173.205']
GEN-MAX.princeton.edu,1,['128.112.121.245']
TFC.com,1,['198.101.174.172']
Honeywell.com,1,['104.40.48.29']
CHM-BRZVOQ2.princeton.edu,1,['128.112.121.90']
CHM-N2.princeton.edu,1,['128.112.122.64']
mcgrawect200l.Princeton.EDU,1,['140.180.220.106']
opr302w.Princeton.EDU,1,['140.180.220.76']
aruba-cppm-03.Princeton.EDU,1,['128.112.129.64']
art201w.Princeton.EDU,1,['140.180.220.145']
uhs213w.Princeton.EDU,1,['10.6.63.79']
idp.Princeton.EDU,1,['140.180.222.55']
asoar301l.Princeton.EDU,1,['140.180.220.29']
ath201w.Princeton.EDU,1,['140.180.221.105']
essvmbkp201w-netmgt.Princeton.EDU,1,['172.19.0.130']
mol203l.Princeton.EDU,1,['140.180.220.244']
eissql211w-netmgt.Princeton.EDU,1,['172.19.0.108']
CHM-4HG6DH2.princeton.edu,1,['128.112.120.138']
webservices.Princeton.EDU,1,['140.180.222.61']
eissql1b.Princeton.EDU,1,['10.6.50.17']
lib-lockss2.Princeton.EDU,1,['128.112.201.19']
aishmsres301w.Princeton.EDU,1,['140.180.220.182']
aruba-cppm-04.Princeton.EDU,1,['128.112.129.68']
eistsm207l-netmgt.Princeton.EDU,1,['172.19.0.82']
raritan-87pr-core.Princeton.EDU,1,['172.18.194.97']
iamshib107w.aws.Princeton.EDU,1,['10.21.1.197']
fac215w.Princeton.EDU,1,['140.180.220.218']
spcvmsdb100w.Princeton.EDU,1,['140.180.220.225']
aisfsaprtl200w.Princeton.EDU,1,['140.180.220.79']
aisgold6web300w.Princeton.EDU,1,['140.180.220.148']
aisob110w.Princeton.EDU,1,['10.6.57.41']
cisdrex200w.Princeton.EDU,1,['10.6.60.215']
ims214.Princeton.EDU,1,['128.112.131.58']
PU.WIN.PRINCETON.EDU,4,"['10.6.48.30', '10.6.48.145', '10.6.48.166', '10.21.1.86']"
cy48-0605.Princeton.EDU,1,['172.18.0.251']
sassunapsis201w.Princeton.EDU,1,['140.180.221.111']
ais224l.Princeton.EDU,1,['10.6.47.16']
cx48-2560.Princeton.EDU,1,['172.18.4.130']
essconsole201w-netmgt.Princeton.EDU,1,['172.19.0.38']
iamethos101w.Princeton.EDU,1,['10.6.55.72']
ppa04.Princeton.EDU,1,['128.112.128.215']
fin103w.Princeton.EDU,1,['140.180.220.80']
ssepo223w.Princeton.EDU,1,['140.180.220.112']
iammimweb301w.Princeton.EDU,1,['10.6.57.23']
soc-had200w.Princeton.EDU,1,['140.180.220.37']
ussitfile200w.Princeton.EDU,1,['140.180.221.27']
OCLC.ORG,1,['132.174.0.132']
iamencoder205w-netmgt.Princeton.EDU,1,['172.19.0.81']
essesx200v-netmgt.Princeton.EDU,1,['172.19.0.74']
ss224w.Princeton.EDU,1,['140.180.220.58']
csgsmtp100l.Princeton.edu,1,['140.180.223.157']
ims223.Princeton.EDU,1,['10.6.53.20']
isserv216.Princeton.EDU,1,['10.6.51.24']
ppa03.Princeton.EDU,1,['128.112.128.214']
aissimfony7201w.Princeton.EDU,1,['10.6.52.101']
nisslave12.Princeton.EDU,1,['128.112.134.137']
raritan-87pr-core2.Princeton.EDU,1,['172.18.194.96']
arun-3672.Princeton.EDU,1,['172.18.83.191']
seunglab02.pni.Princeton.EDU,1,['128.112.217.38']
ap-0127-0056.Princeton.EDU,1,['10.252.81.31']
LOCATOR-PROD1.princeton.edu,1,['128.112.203.239']
cisdrex201w.Princeton.EDU,1,['10.6.60.216']
aisparking201w.Princeton.EDU,1,['140.180.220.107']
das110w.Princeton.EDU,1,['140.180.220.206']
dascrl200w.Princeton.EDU,1,['140.180.221.76']
sas102l.Princeton.EDU,1,['10.6.47.13']
OPR-CYGCHH2.princeton.edu,1,['128.112.148.175']
cisdrroxen201l.Princeton.EDU,1,['140.180.220.180']
asbb107l.Princeton.EDU,1,['140.180.221.102']
asbb208l.Princeton.EDU,1,['140.180.220.253']
iamdirsync200w.Princeton.EDU,1,['140.180.220.157']
essesx201v-netmgt.Princeton.EDU,1,['172.19.0.75']
iamshib102w.aws.Princeton.EDU,1,['10.21.1.25']
sasiw350l.Princeton.EDU,1,['140.180.220.237']
sdpohs101l.Princeton.EDU,1,['10.6.57.29']
alumni05.Princeton.EDU,1,['10.6.63.109']
SRC-7L5VCX1.princeton.edu,1,['128.112.149.192']
qaovd.Princeton.EDU,1,['10.6.58.25']
CRITICALREACH.ORG,1,['209.234.101.104']
seunglab01.pni.Princeton.EDU,1,['128.112.216.241']
dng203w.Princeton.EDU,1,['140.180.221.84']
new-heymon-infranet5.Princeton.EDU,1,['172.18.128.111']
cy48-0612.Princeton.EDU,1,['172.18.3.109']
PCO-R901HCB2.pu.win.princeton.edu,1,['128.112.185.247']
mol-cristea-m551.Princeton.EDU,1,['10.254.3.176']
ConnectedCommunity.org,2,"['184.72.125.39', '184.72.112.29']"
Dal.Ca,1,['129.173.31.187']
cseslicense02.Princeton.EDU,1,['140.180.221.32']
dasdia112w.Princeton.EDU,1,['140.180.220.28']
sasspowa317w.Princeton.EDU,1,['10.6.55.78']
sasemsws100w.Princeton.EDU,1,['140.180.221.82']
iamcas103l.aws.Princeton.EDU,1,['10.21.1.218']
ims204-netmgt.Princeton.EDU,1,['172.19.0.71']
iamweb300l.Princeton.EDU,1,['10.6.48.55']
ims221.Princeton.EDU,1,['10.6.50.136']
cisdrswh300l.Princeton.EDU,1,['10.6.62.21']
eissql206w-netmgt.Princeton.EDU,1,['172.19.0.83']
iamcas202l.aws.Princeton.EDU,1,['10.21.1.89']
new-heymon-infranet2.Princeton.EDU,1,['172.18.32.16']
aisinfoed120w.Princeton.EDU,1,['140.180.221.78']
roxdb02qa-netmgt.Princeton.EDU,1,['172.19.0.175']
airwave5.Princeton.EDU,1,['128.112.128.67']
ats202l.Princeton.EDU,1,['140.180.220.249']
dumper06.Princeton.EDU,1,['10.6.63.111']
arun-3673.Princeton.EDU,1,['172.18.83.203']
cisdr208w.Princeton.EDU,1,['140.180.220.44']
fac211w.Princeton.EDU,1,['140.180.220.166']
mon303l.Princeton.EDU,1,['10.6.55.65']
UMontreal.CA,1,['132.204.8.144']
WineEnthusiastcom12.mta.dotmailer.com,1,['94.143.106.11']
CHM-D25SM081GQ1.princeton.edu,1,['128.112.121.188']
cy48-0616.Princeton.EDU,1,['172.18.0.51']
ap-0127-0057.Princeton.EDU,1,['10.252.81.35']
TownHallmail.com,1,['96.46.128.252']
Esrs3-core.emc.com,1,['128.221.236.246']
Esrs3.emc.com,1,['128.221.236.245']
Ftp.dell.com,1,['143.166.135.76']
MCARapp.tessituranetworkramp.com,1,['72.29.98.151']
Microsoft.com,2,"['13.77.161.179', '40.113.200.201']"
MyGet.org,1,['137.116.207.86']
arun-3674.Princeton.EDU,1,['172.18.83.204']
Ios.works.com,1,['171.162.160.75']
Iosdr.works.com,1,['171.162.93.32']
Pypi.Python.org,1,['199.232.36.223']
SFTP.imodules.com,1,['139.146.146.150']
TAGTSFTP.pnc.com,1,['170.201.111.16']
isserv216-netmgt.Princeton.EDU,1,['172.19.0.55']
chm200w.Princeton.EDU,1,['140.180.221.92']
fac115w.Princeton.EDU,1,['140.180.220.217']
heymon-infranet5.Princeton.EDU,1,['172.18.128.152']
odoc201w.Princeton.EDU,1,['140.180.220.41']
sdpldap300l.Princeton.EDU,1,['10.6.63.118']
ASU.EDU,1,['104.16.50.14']
SUNYJEFFERSON.EDU,1,['136.223.132.12']
Wsus.ds.download.windowsupdate.com,1,['13.107.4.50']
aissimfony7200w.Princeton.EDU,1,['10.6.52.98']
14.143.64.114.static-Bangalore.vsnl.net.in,1,['209.99.40.226']
fac122w.Princeton.EDU,1,['140.180.220.83']
wasspdb2a.Princeton.EDU,1,['10.6.53.11']
essesx216v-netmgt.Princeton.EDU,1,['172.19.0.104']
ovdprod.Princeton.EDU,1,['140.180.222.103']
ldap05.Princeton.edu,1,['10.6.63.112']
aishmsres111w.Princeton.EDU,1,['140.180.221.63']
gso100w.Princeton.EDU,1,['140.180.220.93']
fac128w.Princeton.EDU,1,['10.6.50.39']
fac312w.Princeton.EDU,1,['140.180.221.66']
recapgfa.Princeton.EDU,1,['128.112.201.13']
mon204l.Princeton.EDU,1,['10.6.55.54']
fac213w.Princeton.EDU,1,['140.180.221.37']
sdpldap101l-netmgt.Princeton.EDU,1,['172.19.0.131']
essesx220v-netmgt.Princeton.EDU,1,['172.19.0.212']
fac214w.Princeton.EDU,1,['140.180.221.38']
sasemsws200w.Princeton.EDU,1,['140.180.221.104']
aissimfony7103w.Princeton.EDU,1,['140.180.220.165']
eistsm206l-netmgt.Princeton.EDU,1,['172.19.0.77']
aisgold7102w.Princeton.EDU,1,['140.180.221.53']
winqa04.aws.Princeton.EDU,1,['10.21.1.76']
pol202l.Princeton.EDU,1,['140.180.220.87']
roxdb02-netmgt.Princeton.EDU,1,['172.19.0.164']
new-heymon.Princeton.EDU,1,['128.112.129.55']
ims319.Princeton.EDU,1,['128.112.129.23']
cisdrswh200l.Princeton.EDU,1,['10.6.62.26']
mol200l.Princeton.EDU,1,['140.180.221.10']
dev102w.Princeton.EDU,1,['140.180.220.146']
csgsmtp101l.Princeton.EDU,1,['140.180.220.186']
oocphotos200w.Princeton.EDU,1,['140.180.220.45']
wasspfe203w.Princeton.EDU,1,['10.6.55.17']
vpft201w.Princeton.EDU,1,['140.180.220.56']
ims318.Princeton.EDU,1,['128.112.129.21']
essesx242v-netmgt.Princeton.EDU,1,['172.19.0.61']
pol101l.Princeton.EDU,1,['128.112.133.151']
csgsawmill300l.Princeton.EDU,1,['128.112.131.57']
ims219.Princeton.EDU,1,['10.6.51.40']
alumni06.Princeton.EDU,1,['10.6.63.110']
aisgold7101w.Princeton.EDU,1,['140.180.221.52']
ats201w.Princeton.EDU,1,['140.180.220.14']
sassunapsis200w.Princeton.EDU,1,['140.180.220.59']
airwave7.Princeton.EDU,1,['128.112.128.80']
sdp202w.Princeton.EDU,1,['128.112.129.35']
cy48-0637.Princeton.EDU,1,['172.18.0.165']
devtabguest.Princeton.EDU,1,['140.180.220.84']
ele303l.Princeton.EDU,1,['140.180.220.97']
wds200l.Princeton.EDU,1,['140.180.221.64']
eyeinthesky-infranet3.Princeton.EDU,1,['172.18.64.10']
RopesGray.com,1,['23.100.43.208']
airwave-administrative.Princeton.EDU,1,['128.112.129.16']
ais216l.Princeton.EDU,1,['140.180.220.158']
mta-HHJK.cluster3.blackbaud.net,1,['216.235.195.182']
iamcas203l.aws.Princeton.EDU,1,['10.21.1.192']
LISTS.PESC.ORG,1,['50.253.0.254']
eistsm206l.Princeton.EDU,1,['128.112.128.104']
ims311.Princeton.EDU,1,['128.112.128.183']
prz206w.Princeton.EDU,1,['140.180.221.109']
sas101l.Princeton.EDU,1,['10.6.47.12']
ats203l.Princeton.EDU,1,['140.180.221.69']
receiver02.Princeton.EDU,1,['128.112.128.22']
amu206w.Princeton.EDU,1,['140.180.220.86']
eistsm211l-netmgt.Princeton.EDU,1,['172.19.0.87']
ims225.Princeton.EDU,1,['140.180.220.13']
ims315.Princeton.EDU,1,['140.180.221.26']
css300w.Princeton.EDU,1,['140.180.220.91']
essesx217v-netmgt.Princeton.EDU,1,['172.19.0.85']
sasspfe314w.Princeton.EDU,1,['10.6.55.77']
arun-3755.Princeton.EDU,1,['172.18.83.205']
mta-YXXX.cluster2.blackbaud.net,1,['216.235.195.69']
eisglob100l.Princeton.EDU,1,['140.180.221.107']
ele203l.Princeton.EDU,1,['140.180.220.75']
reg301l.Princeton.EDU,1,['10.6.54.39']
princeton.Edu,1,['140.180.223.22']
www.Princeton.EDU,2,"['104.18.5.101', '104.18.4.101']"
ap-0127-0058.Princeton.EDU,1,['10.252.81.68']
esspm300w.Princeton.EDU,1,['140.180.220.250']
fac111w.Princeton.EDU,1,['140.180.220.33']
mus200w.Princeton.EDU,1,['140.180.221.77']
essesx212v-netmgt.Princeton.EDU,1,['172.19.1.102']
iamcert200w.Princeton.EDU,1,['140.180.220.209']
eisess201l.Princeton.EDU,1,['10.6.61.29']
iamshib303l.Princeton.EDU,1,['140.180.221.43']
aissimfony7100w.Princeton.EDU,1,['140.180.220.164']
ats101w.Princeton.EDU,1,['140.180.220.77']
ele101l.Princeton.EDU,1,['128.112.134.51']
EEB-GYJ51Q2.princeton.edu,1,['128.112.20.132']
CS.PRINCETON.EDU,1,['128.112.136.51']
aisfrevvo200w.Princeton.EDU,1,['140.180.221.44']
cy48-0638.Princeton.EDU,1,['172.18.4.86']
PCO-BLOOMBERG1.pu.win.princeton.edu,1,['128.112.184.250']
PCO-BLOOMBERG2.pu.win.princeton.edu,1,['128.112.184.198']
cy48-0864.Princeton.EDU,1,['172.18.1.133']
DIGITAL-PHOTO06.princeton.edu,1,['128.112.211.210']
ats-dia112w.Princeton.EDU,1,['140.180.220.71']
fac209w-awprod.Princeton.EDU,1,['140.180.220.254']
siem-adm.Princeton.EDU,1,['128.112.130.132']
css328w.Princeton.EDU,1,['140.180.220.31']
isocconsole200w.Princeton.EDU,1,['140.180.221.96']
ss200l.Princeton.EDU,1,['140.180.221.3']
dev206w.Princeton.EDU,1,['140.180.220.116']
mta-SWXW.cluster3.blackbaud.net,1,['216.235.195.144']
iammimweb100w.Princeton.EDU,1,['10.6.57.45']
eissql1c.Princeton.EDU,1,['10.6.48.128']
nismaster-netmgt.Princeton.EDU,1,['172.19.0.33']
fac226-olive.Princeton.EDU,1,['140.180.220.141']
uhs-bhs200w.Princeton.EDU,1,['140.180.221.21']
iamshib203w.aws.Princeton.EDU,1,['10.21.1.227']
essesx291v-netmgt.Princeton.EDU,1,['172.19.1.13']
harris.Princeton.EDU,1,['107.22.221.117']
iamprox100l.Princeton.EDU,1,['10.6.56.39']
iamlds301w.Princeton.EDU,1,['140.180.221.95']
nismaster.Princeton.EDU,1,['128.112.128.108']
wasspdb1a.Princeton.EDU,1,['10.6.52.45']
Vanguard.com,4,"['192.175.161.93', '192.175.162.88', '192.175.213.88', '192.175.214.88']"
hp-guyot-41.Princeton.EDU,1,['10.254.0.241']
g.wac.04F1.epsiloncdn.net,1,['93.184.216.38']
SEPTAKey.org,1,['45.60.136.192']
NavarroWine.com,1,['162.243.144.243']
arun-3756.Princeton.EDU,1,['172.18.83.206']
ap-0127-0059.Princeton.EDU,1,['10.252.81.20']
CHM-3CBLMD2.princeton.edu,1,['128.112.120.156']
4D8BABD3B12E7E905380DFBDE7F81092.webservice.logmein.com,2,"['69.25.20.196', '64.95.128.217']"
mta-HHHI.cluster2.blackbaud.net,1,['216.235.195.53']
mta-PMXM.cluster2.blackbaud.net,1,['216.235.195.59']
cy48-0646.Princeton.EDU,1,['172.18.3.174']
mta-QWNW.cluster2.blackbaud.net,1,['216.235.195.19']
AOL.COM,1,['67.195.231.10']
mta-DBXD.cluster3.blackbaud.net,1,['216.235.195.173']
STATSEEKER.PRINCETON.EDU,1,['128.112.131.123']
arun-3757.Princeton.EDU,1,['172.18.78.88']
files.PRINCETON.EDU,1,['172.19.70.83']
mta-CGXC.cluster3.blackbaud.net,1,['216.235.195.171']
cy48-0647.Princeton.EDU,1,['172.18.2.114']
ap-0127-0060.Princeton.EDU,1,['10.252.81.69']
eisssrs301w.Princeton.EDU,1,['10.6.50.185']
eistsm210l.Princeton.EDU,1,['128.112.128.118']
asweb200l.Princeton.EDU,1,['140.180.221.4']
US.depot.battle.net,3,"['69.28.185.97', '69.164.50.157', '69.28.185.55']"
t.QuickenLoans.com,1,['13.111.18.27']
mol201l.Princeton.EDU,1,['140.180.221.11']
iamadfs101w.Princeton.EDU,1,['10.6.55.49']
aisgold7201w.Princeton.EDU,1,['140.180.221.55']
airwave4.Princeton.EDU,1,['128.112.128.51']
isserv215-netmgt.Princeton.EDU,1,['172.19.0.133']
csla200w.Princeton.EDU,1,['140.180.220.121']
dng202w.Princeton.EDU,1,['140.180.220.123']
arun-3758.Princeton.EDU,1,['172.18.78.89']
ISRAEL.princeton.edu,1,['128.112.232.132']
mousedb.Princeton.EDU,1,['128.112.102.32']
aisedit.Princeton.EDU,1,['140.180.220.196']
backupvpn.Princeton.EDU,1,['140.180.226.56']
essvmbkp100w-netmgt.Princeton.EDU,1,['172.19.0.36']
winqa03.aws.Princeton.EDU,1,['10.21.1.56']
cch100w.Princeton.EDU,1,['140.180.221.99']
heymon-infranet7.Princeton.EDU,1,['172.18.224.152']
sas112l.Princeton.EDU,1,['140.180.220.238']
pei300w.Princeton.EDU,1,['140.180.220.73']
uss202w-win08.Princeton.EDU,1,['140.180.221.34']
asbb106l.Princeton.EDU,1,['140.180.220.252']
essesx221v-netmgt.Princeton.EDU,1,['172.19.0.242']
iammimweb201w.Princeton.EDU,1,['10.6.57.47']
cisdrswh100l.Princeton.EDU,1,['10.6.62.20']
eistsm208l-netmgt.Princeton.EDU,1,['172.19.0.84']
eng200w.Princeton.EDU,1,['140.180.220.143']
dng305w.Princeton.EDU,1,['140.180.221.120']
backupvpn1.Princeton.EDU,1,['140.180.226.53']
aisfsaprtl100w.Princeton.EDU,1,['140.180.220.78']
oa.Princeton.EDU,1,['140.180.221.18']
essesx203v-netmgt.Princeton.EDU,1,['172.19.0.76']
essesx213v-netmgt.Princeton.EDU,1,['172.19.0.153']
fac113w.Princeton.EDU,1,['140.180.221.33']
jefspecial200l.Princeton.EDU,1,['140.180.220.175']
eissql105w-netmgt.Princeton.EDU,1,['172.19.0.58']
pol203l.Princeton.EDU,1,['140.180.220.187']
eas200w.Princeton.EDU,1,['140.180.220.128']
mta-LLUM.cluster3.blackbaud.net,1,['216.235.195.183']
eis208l-drac.Princeton.EDU,1,['172.19.1.9']
ant-had200w.Princeton.EDU,1,['140.180.220.247']
nisslave11.Princeton.EDU,1,['128.112.134.146']
PNI-198V3WZV2.princeton.edu,1,['128.112.222.63']
esspatchtest300.Princeton.EDU,1,['10.6.63.6']
aissimfony7300w.Princeton.EDU,1,['140.180.220.104']
eishpdm200w.Princeton.EDU,1,['140.180.221.86']
sas100l.Princeton.EDU,1,['10.6.47.11']
iso200l-rencif.Princeton.EDU,1,['140.180.220.119']
essesx240v-netmgt.Princeton.EDU,1,['172.19.0.21']
heymon-infranet2.Princeton.EDU,1,['172.18.32.152']
netvirtu01.Princeton.EDU,1,['140.180.225.102']
aishmsres211w.Princeton.EDU,1,['140.180.221.79']
oldsmtp.Princeton.EDU,1,['10.6.58.27']
cisdr204l.Princeton.EDU,1,['140.180.220.49']
eyeinthesky-infranet5.Princeton.EDU,1,['172.18.128.10']
ppvm.Princeton.EDU,1,['128.112.128.243']
iamshib205w.Princeton.EDU,1,['10.6.54.25']
ppa02.Princeton.EDU,1,['128.112.128.216']
dev-webprod.Princeton.EDU,1,['140.180.220.117']
dev202w.Princeton.EDU,1,['140.180.220.192']
raritan-newsouth-machineroom.Princeton.EDU,1,['172.18.194.99']
csglists301l.Princeton.EDU,1,['128.112.131.219']
cy48-0655.Princeton.EDU,1,['172.18.32.83']
airwave-rap.Princeton.EDU,1,['128.112.131.247']
gso200w.Princeton.EDU,1,['140.180.220.92']
sas103l.Princeton.EDU,1,['10.6.47.14']
deptbedit.Princeton.EDU,1,['140.180.220.200']
essesx218v-netmgt.Princeton.EDU,1,['172.19.0.105']
fac228w.Princeton.EDU,1,['140.180.220.248']
aissimfony7302w.Princeton.EDU,1,['140.180.220.160']
puqa05.zeta.adtest.Princeton.EDU,1,['10.21.1.40']
LeagueAthletics.com,1,['50.17.55.221']
iamdirsync100w.Princeton.EDU,1,['140.180.220.156']
wassp104w.Princeton.EDU,1,['140.180.220.171']
reg102l.Princeton.EDU,1,['10.6.54.38']
ss308l.Princeton.EDU,1,['140.180.220.188']
iamcas300l.Princeton.EDU,1,['10.6.55.63']
iamshib200w.Princeton.EDU,1,['10.6.54.42']
uhs211w.Princeton.EDU,1,['140.180.221.112']
win04-netmgt.Princeton.EDU,1,['172.19.0.64']
ims316.Princeton.EDU,1,['128.112.134.25']
ss106w.Princeton.EDU,1,['140.180.220.172']
essvmbkp200w-netmgt.Princeton.EDU,1,['172.19.0.128']
eissql210w-netmgt.Princeton.EDU,1,['172.19.0.79']
oaamx101l.Princeton.EDU,1,['140.180.220.95']
aishmsres101w.Princeton.EDU,1,['140.180.220.185']
dev201w.Princeton.EDU,1,['140.180.220.129']
aisfrevvo100w.Princeton.EDU,1,['140.180.221.6']
cisdrex100w.Princeton.EDU,1,['10.6.60.213']
cisdr207w.Princeton.EDU,1,['140.180.220.35']
aisupc103w.Princeton.EDU,1,['10.6.56.17']
landrdev301w.Princeton.EDU,1,['140.180.220.178']
LISTS.APA.ORG,1,['192.231.215.241']
mta-AAAB.cluster2.blackbaud.net,1,['216.235.195.43']
eyeinthesky-infranet4.Princeton.EDU,1,['172.18.192.10']
arun-3759.Princeton.EDU,1,['172.18.81.37']
ims303.Princeton.EDU,1,['128.112.131.27']
essoncmd200.Princeton.EDU,1,['10.6.52.12']
ap-0127-0061.Princeton.EDU,1,['10.252.81.14']
NOD32mgt.pku.edu.cn,1,['162.105.129.75']
ele305l.Princeton.EDU,1,['140.180.221.72']
aissimfony7303w.Princeton.EDU,1,['140.180.220.163']
heymon-infranet4.Princeton.EDU,1,['172.18.192.152']
isogate100w.Princeton.EDU,1,['140.180.221.65']
Brown.edu,1,['128.148.252.151']
VAPOR2.princeton.edu,1,['128.112.35.140']
seunglab04.pni.Princeton.EDU,1,['128.112.220.83']
JABBA.pppl.gov,1,['192.55.106.15']
MAIL.ETSU.EDU,1,['151.141.244.69']
cy48-0660.Princeton.EDU,1,['172.18.0.102']
pdom07-netmgt.Princeton.EDU,1,['172.19.1.15']
www.net.Princeton.EDU,1,['128.112.128.55']
new-heymon-infranet4.Princeton.EDU,1,['172.18.192.64']
eiscpan101l.Princeton.EDU,1,['140.180.220.36']
ppa01.Princeton.EDU,1,['128.112.128.213']
iamencoder204w-netmgt.Princeton.EDU,1,['172.19.0.70']
iamtools100w.Princeton.EDU,1,['10.6.54.28']
sas201l.Princeton.EDU,1,['10.6.47.17']
sassunapsis100w.Princeton.EDU,1,['140.180.221.114']
prz204w.Princeton.EDU,1,['140.180.220.170']
new-heymon-infranet1.Princeton.EDU,1,['172.18.4.5']
ele201l.ee.Princeton.EDU,1,['140.180.221.28']
netbmfctrl2.Princeton.EDU,1,['172.18.2.63']
ss304l.Princeton.EDU,1,['140.180.220.46']
essrds290w.Princeton.EDU,1,['10.6.59.237']
nismaster3.Princeton.EDU,1,['128.112.128.27']
ss116w.Princeton.EDU,1,['140.180.220.122']
NAEH.org,1,['104.196.231.73']
MuijeLawOffice.com,1,['50.63.122.1']
seunglab03.pni.Princeton.EDU,1,['128.112.218.67']
statseeker.Princeton.EDU,1,['128.112.131.123']
ARRAYFILES.Princeton.EDU,1,['128.112.119.58']
arrayfiles.Princeton.EDU,1,['128.112.119.58']
lib-lockss3.Princeton.EDU,1,['128.112.202.164']
arun-3760.Princeton.EDU,1,['172.18.81.38']
cy48-0427.Princeton.EDU,1,['172.18.2.12']
cy48-0127.Princeton.EDU,1,['172.18.1.15']
cy48-0662.Princeton.EDU,1,['172.18.1.103']
cy48-0456.Princeton.EDU,1,['172.18.0.252']
ap-0127-0062.Princeton.EDU,1,['10.252.81.44']
mol-srikumar-hpm452dn.Princeton.EDU,1,['10.254.8.60']
Comcast.net,1,['69.252.80.75']
Fidelity.com,2,"['155.199.80.173', '155.199.64.173']"
ca12-0007.Princeton.EDU,1,['172.18.33.121']
mta-RFOF.cluster3.blackbaud.net,1,['216.235.195.162']
arun-3761.Princeton.EDU,1,['172.18.83.226']
cb12-2349.Princeton.EDU,1,['172.18.2.31']
cy48-0664.Princeton.EDU,1,['172.18.1.100']
cee-web.Princeton.EDU,1,['128.112.36.185']
mta-RYTY.cluster2.blackbaud.net,1,['216.235.195.40']
cy48-3004.Princeton.EDU,1,['172.18.0.174']
phy-ws10.Princeton.EDU,1,['128.112.85.234']
swrtr-0665.Princeton.EDU,1,['10.252.14.69']
phy203l.Princeton.EDU,1,['128.112.102.89']
swrtr-0438.Princeton.EDU,1,['10.252.14.85']
PUQA01.zeta.adtest.princeton.edu,1,['10.6.48.146']
aftv-22-Amazon-AFTT-3243.na.api.amazonvideo.com,1,['3.226.195.129']
ais101l.Princeton.EDU,1,['10.6.56.26']
ART-080619a.princeton.edu,1,['128.112.226.70']
arun-3762.Princeton.EDU,1,['172.18.83.227']
mpv1-2015.CWRU.Edu,1,['129.22.103.226']
cy48-1655.Princeton.EDU,1,['172.18.0.150']
TTS-RELAY-24.win.duke.edu,1,['152.3.24.12']
ap-0127-0063.Princeton.EDU,1,['10.252.81.104']
cx48-0694.Princeton.EDU,1,['172.18.0.231']
mta-AAAG.cluster2.blackbaud.net,1,['216.235.195.45']
mta-RRRF.cluster2.blackbaud.net,1,['216.235.195.35']
MATH.PRINCETON.EDU,1,['128.112.18.16']
PrintSOA200W.princeton.edu,1,['10.6.51.15']
cy48-0673.Princeton.EDU,1,['172.18.3.229']
eisfw1-mgmt.Princeton.EDU,1,['172.19.0.17']
LIB-PRS22.princeton.edu,1,['10.254.9.146']
ca12-2507.Princeton.EDU,1,['172.18.192.75']
cb12-0291.Princeton.EDU,1,['172.18.3.147']
SARAHFORGEORGIA.COM,1,['178.128.75.142']
cy48-0773.Princeton.EDU,1,['172.18.0.168']
EIS-DTQ9FZ1.princeton.edu,1,['140.180.228.147']
cb12-1617.Princeton.EDU,1,['172.18.2.183']
cy48-2413.Princeton.EDU,1,['172.18.1.120']
arun-3763.Princeton.EDU,1,['172.18.83.228']
cy48-2440.Princeton.EDU,1,['172.18.0.204']
ca12-1545.Princeton.EDU,1,['172.18.192.46']
NGA.GOV,1,['199.16.64.41']
mta-QEXN.cluster3.blackbaud.net,1,['216.235.195.140']
mta-QSSE.cluster2.blackbaud.net,1,['216.235.195.17']
ca12-2964.Princeton.EDU,1,['172.18.193.147']
cy48-0674.Princeton.EDU,1,['172.18.1.17']
RCArchitect.com,1,['209.16.109.28']
ce32-1754.Princeton.EDU,1,['172.18.3.18']
ap-0127-0064.Princeton.EDU,1,['10.252.81.70']
dogfish.Princeton.EDU,1,['128.112.176.229']
ca12-1159.Princeton.EDU,1,['172.18.2.153']
LISTSERV12.LEON.K12.FL.US,1,['205.223.222.204']
LISTSERV.TAU.AC.IL,1,['132.66.17.19']
LEONSCHOOLS.NET,1,['205.223.147.7']
AJRSEM.Org,1,['104.198.110.226']
arun-3764.Princeton.EDU,1,['172.18.83.229']
bucket.PNI.princeton.edu,2,"['128.112.219.114', '128.112.219.110']"
CHM-CP-960-A53.princeton.edu,1,['128.112.123.212']
opr-FQK7PY2.princeton.edu,1,['128.112.149.206']
CHM-DN-780-B22.princeton.edu,1,['128.112.123.132']
cx24-1713.Princeton.EDU,1,['172.18.192.125']
pni-brodylabvm.Princeton.EDU,1,['128.112.217.51']
TI.UMontreal.CA,1,['132.204.8.33']
lib-gis-designjet.Princeton.EDU,1,['10.254.6.152']
cy48-0681.Princeton.EDU,1,['172.18.1.35']
EAS-D25XK09TJ1G.princeton.edu,1,['128.112.109.154']
ca24-0836.Princeton.EDU,1,['172.18.32.181']
puqa05.aws.Princeton.EDU,1,['10.21.1.40']
ca24-0002.Princeton.EDU,1,['172.18.32.45']
PRINTDELL.princeton.edu,1,['10.6.49.188']
rtr-agg-0685-b.Princeton.EDU,1,['10.252.14.18']
ca12-1729.Princeton.EDU,1,['172.18.192.35']
win06.aws.Princeton.EDU,1,['10.21.1.32']
ap-0127-0065.Princeton.EDU,1,['10.252.81.21']
UCHICAGO.EDU,1,['34.200.129.209']
cb24-1443.Princeton.EDU,1,['172.18.2.236']
cx48-2379.Princeton.EDU,1,['172.18.4.209']
fac-rds-203w.Princeton.EDU,2,"['172.20.52.14', '10.6.51.116']"
cy48-0685.Princeton.EDU,1,['172.18.4.114']
LISTSERV.LIV.AC.UK,1,['138.253.100.138']
FieldOperations.net,1,['94.130.15.241']
lrdc207w.Princeton.EDU,2,"['10.6.48.245', '10.6.48.189']"
LIB-SCANPRO008.princeton.edu,1,['128.112.140.56']
mturk-nrouhani.Princeton.EDU,1,['128.112.102.48']
cy48-1256.Princeton.EDU,1,['172.18.1.209']
arun-3766.Princeton.EDU,1,['172.18.84.79']
cy48-0907.Princeton.EDU,1,['172.18.0.58']
license.rc.Princeton.EDU,1,['128.112.102.49']
cb24-1569.Princeton.EDU,1,['172.18.0.22']
sdpovd101l.Princeton.EDU,1,['10.6.57.27']
Central.UH.EDU,1,['129.7.97.150']
PRINTGPD.princeton.edu,1,['10.6.49.208']
ws-3CDAD91C-1E0D-4A0D-BBEE-9671988BF9E9.sendbird.com,1,['34.199.106.171']
api-3CDAD91C-1E0D-4A0D-BBEE-9671988BF9E9.sendbird.com,1,['52.73.232.108']
cy48-1620.Princeton.EDU,1,['172.18.3.59']
ap-0127-0066.Princeton.EDU,1,['10.252.81.53']
ANT-COYLE-FCP.princeton.edu,1,['128.112.209.27']
cy48-1619.Princeton.EDU,1,['172.18.3.27']
arun-3767.Princeton.EDU,1,['172.18.84.83']
AdvancedHumanPerformance.com,1,['198.49.23.145']
GEN-G9A3LI6.princeton.edu,1,['128.112.118.212']
ernie.Princeton.EDU,1,['128.112.129.178']
flood.Princeton.EDU,1,['128.112.36.87']
brodycomp1.Princeton.EDU,1,['128.112.217.155']
cx24-0897.Princeton.EDU,1,['172.18.3.250']
RCarchitect.com,1,['209.16.109.28']
PC5857.princeton.edu,1,['140.180.130.112']
cx48-0620.Princeton.EDU,1,['172.18.1.214']
cy48-0202.Princeton.EDU,1,['172.18.1.28']
cy48-2262.Princeton.EDU,1,['172.18.3.233']
cy48-0065.Princeton.EDU,1,['172.18.2.116']
cy48-1093.Princeton.EDU,1,['172.18.33.30']
cy48-0739.Princeton.EDU,1,['172.18.3.240']
cy24-1704.Princeton.EDU,1,['172.18.192.28']
cy48-2105.Princeton.EDU,1,['172.18.33.25']
cx24-0073.Princeton.EDU,1,['172.18.192.158']
iamshib202w.aws.Princeton.EDU,1,['10.21.1.87']
arun-3768.Princeton.EDU,1,['172.18.84.86']
swrtr-0664.Princeton.EDU,1,['10.252.14.97']
cy48-1618.Princeton.EDU,1,['172.18.2.182']
ap-0127-0067.Princeton.EDU,1,['10.252.81.60']
VHB.com,1,['13.92.83.197']
swrtr-0518.Princeton.EDU,1,['10.252.14.93']
cx24-0379.Princeton.EDU,1,['172.18.192.21']
cx48-0622.Princeton.EDU,1,['172.18.3.56']
cx24-0403.Princeton.EDU,1,['172.18.192.97']
LISTSERV.EDUCAUSE.EDU,1,['40.122.144.30']
UNA.EDU,1,['216.54.215.184']
ca12-1454.Princeton.EDU,1,['172.18.194.71']
cx24-2231.Princeton.EDU,1,['172.18.193.159']
ChestnutHillRealty.com,1,['18.205.218.45']
ct16-0197.Princeton.EDU,1,['172.18.5.36']
arun-3769.Princeton.EDU,1,['172.18.84.87']
ca12-1901.Princeton.EDU,1,['172.18.194.121']
markoforWA.com,1,['205.186.175.216']
lowrie.Princeton.EDU,1,['172.19.70.56']
cy24-2530.Princeton.EDU,1,['172.18.194.125']
wasspowa106w.Princeton.EDU,1,['10.6.55.53']
aisupc102w.Princeton.EDU,1,['10.6.56.16']
cx24-0195.Princeton.EDU,1,['172.18.193.164']
SSEPO223W.princeton.edu,1,['140.180.220.112']
cy24-2314.Princeton.EDU,1,['172.18.194.85']
cx24-0443.Princeton.EDU,1,['172.18.193.123']
PDOM06.pu.win.princeton.edu,1,['10.6.48.166']
cx48-0623.Princeton.EDU,1,['172.18.193.135']
ap-0127-0068.Princeton.EDU,1,['10.252.81.32']
cb24-1571.Princeton.EDU,1,['172.18.0.103']
cx24-0607.Princeton.EDU,1,['172.18.192.136']
e.BibleGateway.com,1,['52.22.48.184']
PHY-PCTS413A.princeton.edu,1,['128.112.84.242']
AZoNetwork.com,1,['104.26.6.251']
arun-3770.Princeton.EDU,1,['172.18.84.72']
cx24-0409.Princeton.EDU,1,['172.18.192.11']
eisess203l.Princeton.EDU,1,['140.180.219.144']
cx24-0827.Princeton.EDU,1,['172.18.192.86']
cb12-1570.Princeton.EDU,1,['172.18.0.67']
cx24-1217.Princeton.EDU,1,['172.18.193.149']
cx24-0415.Princeton.EDU,1,['172.18.193.101']
mta-LLLV.cluster2.blackbaud.net,1,['216.235.195.63']
iamshib301w.Princeton.EDU,1,['10.6.54.26']
cx24-0624.Princeton.EDU,1,['172.18.193.137']
GER-GQ3NSR1.princeton.edu,1,['128.112.201.22']
cx24-0414.Princeton.EDU,1,['172.18.192.195']
cb12-701-lab.Princeton.EDU,1,['172.18.1.99']
CACOS-M104-i41.carmamail.com,1,['184.107.113.41']
mta-HKXJ.cluster3.blackbaud.net,1,['216.235.195.176']
swrtr-0821.Princeton.EDU,1,['10.252.14.101']
gen-seq-pipeline1.Princeton.EDU,1,['128.112.116.116']
PRZ-HELIOS-OXFD.pu.win.princeton.edu,1,['128.112.73.41']
cb12-1565.Princeton.EDU,1,['172.18.0.17']
psiturk-angelar.Princeton.EDU,1,['128.112.102.56']
arun-3771.Princeton.EDU,1,['172.18.65.36']
cx24-0230.Princeton.EDU,1,['172.18.193.105']
ap-0127-0069.Princeton.EDU,1,['10.252.81.81']
cy24-1046.Princeton.EDU,1,['172.18.192.207']
ct16-2426.Princeton.EDU,1,['172.18.0.169']
GreenwichSentinel.com,1,['54.83.35.127']
cx24-0855.Princeton.EDU,1,['172.18.192.141']
cy24-0653.Princeton.EDU,1,['172.18.3.126']
UBHC.RUTGERS.EDU,1,['130.219.6.64']
arun-3772.Princeton.EDU,1,['172.18.65.37']
Vanderbilt.Edu,1,['34.207.13.235']
cx48-1125.Princeton.EDU,1,['172.18.4.129']
LISTSERV.FNAL.GOV,1,['131.225.111.153']
PHY-WBAKR4.princeton.edu,1,['128.112.86.75']
cy24-0692.Princeton.EDU,1,['172.18.2.14']
ap-0127-0070.Princeton.EDU,1,['10.252.81.39']
PRO-9WPG4Z2.princeton.edu,1,['128.112.56.27']
ANTW--177-53-9-41.aliennetwork.net.br,1,['177.53.9.41']
iamcas101l.Princeton.EDU,1,['10.6.55.23']
arun-3773.Princeton.EDU,1,['172.18.83.207']
rtr-agg-0685-a.Princeton.EDU,1,['10.252.14.17']
ca24-1447.Princeton.EDU,1,['172.18.32.82']
Christianbook.com,1,['208.68.76.50']
iamprox101l.Princeton.EDU,1,['10.6.56.40']
cy24-0027.Princeton.EDU,1,['172.18.33.18']
cy24-0759.Princeton.EDU,1,['172.18.194.21']
cy48-0919.Princeton.EDU,1,['172.18.4.50']
LIBSERV55.princeton.edu,1,['128.112.202.5']
ce32-1753.Princeton.EDU,1,['172.18.2.245']
HOME.EASE.LSOFT.COM,1,['209.119.0.9']
arun-3774.Princeton.EDU,1,['172.18.83.208']
NEDCC.ORG,1,['216.37.42.139']
service.BarclaysUS.com,1,['159.127.187.212']
ap-0127-0071.Princeton.EDU,1,['10.252.81.64']
GOOGLE.COM,1,['172.217.12.174']
WACloudLB-1801077940.us-east-1.elb.amazonaws.com,1,['54.82.17.205']
cy24-0778.Princeton.EDU,1,['172.18.32.126']
ca12-1942.Princeton.EDU,1,['172.18.33.36']
LISTSERV.TAMU.EDU,1,['165.91.22.232']
RUTGERS.EDU,1,['128.6.46.111']
MarkRobertGordon.com,1,['97.74.183.148']
arun-3775.Princeton.EDU,1,['172.18.83.209']
ca24-2960.Princeton.EDU,1,['172.18.2.141']
Chatham.edu,1,['66.207.141.218']
ATH-J28JQJ1.princeton.edu,1,['128.112.242.151']
OCS-SIGNAGE001.pu.win.princeton.edu,1,['128.112.241.51']
DEV-902-F2WGH02.princeton.edu,1,['128.112.241.103']
iamadfs100w.Princeton.EDU,1,['10.6.55.48']
US-NJC-ANX-R007.teamviewer.com,1,['162.250.5.74']
cy24-0787.Princeton.EDU,1,['172.18.33.9']
ca12-2464.Princeton.EDU,1,['172.18.192.30']
ALUM.MIT.EDU,1,['23.207.105.4']
CBE-RAR-10.princeton.edu,1,['128.112.32.186']
ap-0127-0072.Princeton.EDU,1,['10.252.81.43']
cy48-1621.Princeton.EDU,1,['172.18.3.12']
arun-3776.Princeton.EDU,1,['172.18.66.254']
EGN-D0QNMD2.princeton.edu,1,['128.112.29.219']
ca12-2360.Princeton.EDU,1,['172.18.32.188']
FCT.groups.io,1,['173.255.221.194']
PMAgroup.com,1,['162.144.140.147']
loghost.Princeton.EDU,1,['128.112.129.171']
heymon-subnet128.Princeton.EDU,1,['128.112.128.152']
cy24-0789.Princeton.EDU,1,['172.18.33.4']
CriticalReach.Org,1,['209.234.101.104']
MOL-5NDQC42.princeton.edu,1,['128.112.112.233']
MOL-C4PYWR1.princeton.edu,1,['128.112.112.96']
MOL-1Y3KZL1.princeton.edu,1,['128.112.112.192']
lists.village.Virginia.EDU,1,['128.143.230.190']
JonesDay.com,1,['23.100.43.208']
ap-0127-0073.Princeton.EDU,1,['10.252.81.63']
splash.Princeton.EDU,1,['128.112.176.33']
cy24-0795.Princeton.EDU,1,['172.18.32.15']
AviatorBusinessCard.com,1,['65.240.185.157']
arun-3862.Princeton.EDU,1,['172.18.83.212']
UHS-7WK4JC2.princeton.edu,1,['128.112.140.163']
cy24-0796.Princeton.EDU,1,['172.18.2.123']
ap-0127-0074.Princeton.EDU,1,['10.252.81.74']
arun-3863.Princeton.EDU,1,['172.18.83.213']
SANESolution.com,1,['34.68.114.114']
TRIUMF.CA,1,['142.90.89.35']
aisob310w.Princeton.EDU,1,['10.6.57.38']
cy24-0806.Princeton.EDU,1,['172.18.2.124']
EGN-HZSFMS1.princeton.edu,1,['128.112.29.120']
ORACLE.COM,1,['137.254.120.50']
Princeton79.org,1,['74.208.236.138']
arun-3864.Princeton.EDU,1,['172.18.83.214']
ap-0127-0075.Princeton.EDU,1,['10.252.81.72']
dns-ext-bedford.MITRE.ORG,1,['66.170.227.133']
Fac-Forest.princeton.edu,1,['172.19.70.67']
US-DEN-ANX-R007.teamviewer.com,1,['162.220.222.170']
aissmb325l.Princeton.EDU,1,['10.6.49.86']
US-MIA-ANX-R012.teamviewer.com,1,['162.250.2.175']
Ryder.princeton.edu,1,['128.112.149.217']
US-DAL-IBM-R018.teamviewer.com,1,['52.117.209.83']
US-LAX-ANX-R012.teamviewer.com,1,['188.172.214.47']
cy24-0819.Princeton.EDU,1,['172.18.2.78']
US-DAL-ANX-R007.teamviewer.com,1,['188.172.251.42']
LISTSERV.UARK.EDU,1,['130.184.5.240']
PCC.EDU,1,['209.152.46.213']
Newdayusa.com,1,['50.200.153.97']
Princeton.Edu,1,['140.180.223.22']
CPEa84e3f417633-CMa84e3f417630.cpe.net.cable.rogers.com,1,['99.224.176.180']
US-WAS-ANX-R015.teamviewer.com,1,['213.227.173.146']
US-CHI-ANX-R002.teamviewer.com,1,['162.250.6.133']
US-SJC-IBM-R028.teamviewer.com,1,['169.44.131.157']
parsonsbabylon5.DiskStation.me,1,['71.187.217.69']
US-SEA-IBM-R017.teamviewer.com,1,['50.23.151.146']
US-ATL-ANX-R003.teamviewer.com,1,['162.250.7.70']
i6DFA8A81.versanet.de,1,['109.250.138.129']
DOF-5NMP9T2.princeton.edu,1,['128.112.56.255']
US-DAL-IBM-R002.teamviewer.com,1,['52.117.209.67']
US-WAS-IBM-R007.teamviewer.com,1,['169.60.90.40']
US-NJC-ANX-R036.teamviewer.com,1,['162.220.223.211']
McKamish.com,1,['65.111.254.13']
PPPL.GOV,2,"['198.125.224.166', '198.125.224.212']"
ap-0127-0076.Princeton.EDU,1,['10.252.81.54']
JADWIN-HE-REC.princeton.edu,1,['128.112.85.168']
cy24-0820.Princeton.EDU,1,['172.18.2.125']
puqa06.aws.Princeton.EDU,1,['10.21.1.14']
arun-3871.Princeton.EDU,1,['172.18.83.210']
ap-0127-0077.Princeton.EDU,1,['10.252.81.102']
AmericanInno.com,1,['45.60.16.174']
cy24-0821.Princeton.EDU,1,['172.18.2.126']
mta-RRRO.cluster2.blackbaud.net,1,['216.235.195.36']
arun-3877.Princeton.EDU,1,['172.18.83.215']
DemocracyFund.org,1,['23.253.125.229']
rain.Princeton.EDU,1,['128.112.37.147']
ap-0127-0078.Princeton.EDU,1,['10.252.81.38']
pdom05.pu.win.Princeton.EDU,1,['10.6.48.144']
846315-ProdAUtil01.anninc.com,1,['69.20.100.231']
cy24-0839.Princeton.EDU,1,['172.18.2.131']
arun-3878.Princeton.EDU,1,['172.18.83.216']
ECO-C02W209PHX8F.princeton.edu,1,['128.112.221.167']
ap-0127-0079.Princeton.EDU,1,['10.252.81.94']
59-124-206-124.HINET-IP.hinet.net,1,['59.124.206.124']
iamshib100w.Princeton.EDU,1,['10.6.54.44']
cy24-0844.Princeton.EDU,1,['172.18.2.117']
mta.emarketing.MGIEmailSolutions.com,1,['66.231.95.159']
mta-RRTY.cluster3.blackbaud.net,1,['216.235.195.159']
LIB-ReLAY02.Pu.wIn.PRiNceTON.eDu,1,['128.112.200.215']
arun-3879.Princeton.EDU,1,['172.18.83.217']
ap-0127-0080.Princeton.EDU,1,['10.252.81.18']
Bain.com,1,['217.114.85.70']
cy24-0845.Princeton.EDU,1,['172.18.2.223']
mta-ABCB.cluster2.blackbaud.net,1,['216.235.195.49']
Fac-forest.princeton.edu,1,['172.19.70.67']
cx48-0659.Princeton.EDU,1,['172.18.3.225']
ap-0127-0081.Princeton.EDU,1,['10.252.81.97']
arun-3881.Princeton.EDU,1,['172.18.83.219']
pdom07.pu.win.Princeton.EDU,1,['10.6.48.30']
cx24-0672.Princeton.EDU,1,['172.18.193.167']
delta.Princeton.EDU,1,['128.112.173.134']
arun-4428.Princeton.EDU,1,['172.18.65.38']
ART-080119A.princeton.edu,1,['128.112.226.64']
ap-0127-0082.Princeton.EDU,1,['10.252.81.13']
DNG-DTHLKB2.princeton.edu,1,['128.112.164.142']
prod-community-LB-2006000074.us-east-1.elb.amazonaws.com,1,['34.197.130.29']
cx48-0675.Princeton.EDU,1,['172.18.2.93']
iamprox301l.Princeton.EDU,1,['10.6.56.38']
Alumni.Princeton.Edu,1,['34.228.150.183']
arun-4429.Princeton.EDU,1,['172.18.65.195']
iso-202l.Princeton.EDU,1,['10.6.59.11']
BCMLS2.glpals.com,1,['52.34.211.161']
cx24-0682.Princeton.EDU,1,['172.18.193.182']
ap-0127-0083.Princeton.EDU,1,['10.252.81.30']
Evercore.com,1,['52.5.183.187']
MAIL.HOUSE.GOV,1,['143.228.58.158']
arun-4430.Princeton.EDU,1,['172.18.65.196']
sp.Princeton.EDU,1,['140.180.222.97']
MURTHYLAB-PC02.princeton.edu,1,['128.112.219.52']
cx24-0683.Princeton.EDU,1,['172.18.192.137']
NDMSVNPF101.ndc.nasa.gov,1,['198.117.0.151']
DOC-1GLCV12.princeton.edu,1,['128.112.219.45']
SSEPO224W.princeton.edu,1,['140.180.221.116']
LISTSERV.MIAMIOH.EDU,1,['134.53.19.65']
seunglab05.pni.Princeton.EDU,1,['128.112.216.214']
MAIL.COM,1,['74.208.232.28']
AMU-PHANTASOS.pu.win.princeton.edu,1,['10.8.56.243']
seunglab06.pni.Princeton.EDU,1,['128.112.216.237']
seunglab07.pni.Princeton.EDU,1,['128.112.218.6']
arun-4431.Princeton.EDU,1,['172.18.65.197']
seunglab08.pni.Princeton.EDU,1,['128.112.218.18']
ap-0127-0084.Princeton.EDU,1,['10.252.81.89']
LISTS.NAU.EDU,1,['134.114.177.181']
LISTSERV.UGA.EDU,1,['128.192.110.165']
