IP Address,Num Domains,Domains
10.6.48.144,2,"['PDOM05.pu.win.princeton.edu', 'pdom05.pu.win.Princeton.EDU']"
34.228.150.183,4,"['alumni.Princeton.EDU', 'ALUMNI.PRINCETON.EDU', 'alumni.Princeton.edu', 'Alumni.Princeton.Edu']"
52.96.35.2,1,['MNZ-efz.ms-acdc.office.com']
40.97.188.242,1,['MNZ-efz.ms-acdc.office.com']
128.112.117.190,1,['gen-zabbix.Princeton.EDU']
10.6.48.145,2,"['PDOM08.pu.win.princeton.edu', 'PU.WIN.PRINCETON.EDU']"
140.180.223.22,5,"['Princeton.EDU', 'PRINCETON.EDU', 'Princeton.edu', 'princeton.Edu', 'Princeton.Edu']"
10.6.48.30,3,"['PDOM07.pu.win.princeton.edu', 'PU.WIN.PRINCETON.EDU', 'pdom07.pu.win.Princeton.EDU']"
128.112.100.5,1,['feynman.Princeton.EDU']
52.96.87.194,1,['MNZ-efz.ms-acdc.office.com']
172.19.0.90,1,['eissql101w-netmgt.Princeton.EDU']
140.180.220.12,1,['mccdigrec207w.Princeton.EDU']
52.96.40.242,1,['MNZ-efz.ms-acdc.office.com']
172.18.194.101,1,['cy24-2049.Princeton.EDU']
128.112.134.66,1,['ims317.Princeton.EDU']
10.6.48.114,1,['isserv215.Princeton.EDU']
140.180.220.183,1,['aishmsres201w.Princeton.EDU']
128.112.36.41,1,['aqua.Princeton.EDU']
128.112.220.90,1,['seungworkstation09.Princeton.EDU']
140.180.221.110,1,['spcvmsts214w.Princeton.EDU']
10.6.47.15,1,['ais223l.Princeton.EDU']
140.180.221.56,1,['aisgold7202w.Princeton.EDU']
172.19.70.36,1,['cdh-db.Princeton.EDU']
18.215.32.83,1,['idpqa.Princeton.EDU']
140.180.220.65,1,['aisfrevvo300w.Princeton.EDU']
140.180.221.41,1,['aishmsres110w.Princeton.EDU']
66.203.65.115,1,['XpressReg.Net']
140.180.225.85,1,['netvirtu02.Princeton.EDU']
10.6.57.46,1,['iammimweb101w.Princeton.EDU']
128.112.128.15,1,['nisslave-dev.Princeton.EDU']
128.112.128.28,1,['aruba-cppm-05.Princeton.EDU']
140.180.222.56,1,['tools.Princeton.EDU']
140.180.220.179,1,['cisdrroxen200l.Princeton.EDU']
140.180.220.63,1,['fac112w.Princeton.EDU']
140.180.220.38,1,['dps203w.Princeton.EDU']
140.180.221.46,1,['eiscpan100l.Princeton.EDU']
52.96.33.82,1,['MNZ-efz.ms-acdc.office.com']
10.254.4.188,1,['e315-printer.Princeton.EDU']
140.180.220.103,1,['oaamx202l.Princeton.EDU']
128.112.29.13,1,['OCP-713DQD2.princeton.edu']
216.235.195.73,1,['mta-XXX0.cluster2.blackbaud.net']
10.6.49.253,1,['AISHMSRES202W.PRINCETON.EDU']
165.214.41.39,1,['HCAhealthcare.com']
52.98.85.194,1,['HKG-efz.ms-acdc.office.com']
172.18.32.75,1,['cy48-0597.Princeton.EDU']
52.96.9.178,1,['MNZ-efz.ms-acdc.office.com']
10.6.49.120,1,['EISSQL209W.PRINCETON.EDU']
128.112.133.130,1,['eyeinthesky.Princeton.EDU']
128.112.131.33,2,"['LISTS.PRINCETON.EDU', 'lists.Princeton.EDU']"
128.112.48.247,1,['PALMS.EE.PRINCETON.EDU']
40.97.188.2,1,['MNZ-efz.ms-acdc.office.com']
128.112.218.16,1,['seungworkstation23.Princeton.Edu']
20.185.214.2,1,['Bertuccis.fbmta.com']
128.112.129.171,2,"['eis222l.Princeton.EDU', 'loghost.Princeton.EDU']"
10.6.51.0,1,['eisssrs201w.Princeton.EDU']
172.19.0.32,1,['essesx202v-netmgt.Princeton.EDU']
140.180.221.15,1,['asetc206l.Princeton.EDU']
128.112.134.126,1,['eis308l.Princeton.EDU']
140.180.221.100,1,['cch200w.Princeton.EDU']
140.180.220.96,1,['asrv201w.Princeton.EDU']
140.180.220.98,1,['ele304l.Princeton.EDU']
10.6.47.20,1,['epm201l.Princeton.EDU']
52.96.88.18,1,['MNZ-efz.ms-acdc.office.com']
10.21.1.14,2,"['puqa06.zeta.adtest.Princeton.EDU', 'puqa06.aws.Princeton.EDU']"
172.19.70.81,3,"['Smbserve.princeton.edu', 'Files.princeton.edu', 'homeserver2.Princeton.EDU']"
52.96.69.2,1,['MNZ-efz.ms-acdc.office.com']
172.18.0.10,1,['eyeinthesky-infranet1.Princeton.EDU']
140.180.220.124,1,['dev-webprod-ogv.Princeton.EDU']
52.96.9.2,1,['MNZ-efz.ms-acdc.office.com']
52.96.88.2,1,['MNZ-efz.ms-acdc.office.com']
140.180.221.49,1,['aisgold7301w.Princeton.EDU']
140.180.221.24,1,['andvlab200l.Princeton.EDU']
140.180.220.147,1,['aisgold6web100w.Princeton.EDU']
140.180.220.105,1,['cisdr202l.Princeton.EDU']
172.19.0.120,1,['eissql203w-netmgt.Princeton.EDU']
140.180.221.124,1,['fac-geoprod.Princeton.EDU']
140.180.221.71,1,['prz205w.Princeton.EDU']
172.19.0.210,1,['essesx215v-netmgt.Princeton.EDU']
52.96.15.178,1,['MNZ-efz.ms-acdc.office.com']
128.112.131.71,1,['csgsawmill200l.Princeton.EDU']
172.19.0.155,1,['roxdb01qa-netmgt.Princeton.EDU']
140.180.220.50,1,['vpft101w.Princeton.EDU']
128.112.222.29,1,['TSTLDAP.princeton.edu']
128.112.219.86,1,['IBLSERVER.princeton.edu']
3.220.168.44,1,['fedqa.Princeton.EDU']
128.112.102.65,1,['psiturk-lositsk.Princeton.EDU']
128.112.38.75,1,['MAE-SERVER.princeton.edu']
40.97.190.18,1,['MNZ-efz.ms-acdc.office.com']
52.96.88.98,1,['MNZ-efz.ms-acdc.office.com']
17.253.144.10,1,['iCloud.com']
52.96.62.226,1,['MNZ-efz.ms-acdc.office.com']
10.6.50.178,1,['eissql2b.Princeton.EDU']
140.180.220.34,1,['arc-hestia.Princeton.EDU']
52.96.32.178,1,['MNZ-efz.ms-acdc.office.com']
52.96.88.34,1,['MNZ-efz.ms-acdc.office.com']
10.252.81.73,1,['ap-0127-0052.Princeton.EDU']
128.230.171.72,1,['LISTSERV.SYR.EDU']
50.87.238.35,1,['LALAWLIBRARY.ORG']
172.18.32.60,1,['cy48-0598.Princeton.EDU']
216.235.195.34,1,['mta-ROOF.cluster2.blackbaud.net']
128.112.217.78,1,['puppet.pni.Princeton.EDU']
54.148.29.226,1,['DuckDNSAppELB-570522007.us-west-2.elb.amazonaws.com']
140.180.222.58,1,['smtp.Princeton.EDU']
52.96.64.130,1,['MNZ-efz.ms-acdc.office.com']
172.18.3.211,1,['cy48-1705.Princeton.EDU']
220.133.97.20,1,['220-133-97-20.HINET-IP.hinet.net']
52.96.87.210,1,['MNZ-efz.ms-acdc.office.com']
10.6.52.184,1,['sis223l.Princeton.EDU']
128.112.128.113,2,"['TSM8.PRINCETON.EDU', 'eistsm208l.Princeton.EDU']"
128.112.140.25,1,['LIB-STAFFMUS003.princeton.edu']
128.112.150.208,1,['WESTOFF.princeton.edu']
140.180.223.157,2,"['csgsmtp100l.Princeton.EDU', 'csgsmtp100l.Princeton.edu']"
10.6.48.10,1,['WIN04.win.princeton.edu']
52.96.88.50,1,['MNZ-efz.ms-acdc.office.com']
10.6.49.143,1,['aisob101w.Princeton.EDU']
140.180.220.69,1,['asoar201l.Princeton.EDU']
140.180.220.126,1,['dev-webqa-ogv.Princeton.EDU']
10.6.50.23,1,['eissql3a.Princeton.EDU']
172.19.0.88,1,['eistsm210l-netmgt.Princeton.EDU']
52.96.58.98,1,['MNZ-efz.ms-acdc.office.com']
140.180.220.240,1,['aissimfony7202w.Princeton.EDU']
140.180.220.190,1,['as202l.Princeton.EDU']
140.180.220.55,1,['ath202w.Princeton.EDU']
140.180.221.42,1,['cla200l.Princeton.EDU']
140.180.220.111,1,['csla100w.Princeton.EDU']
10.6.63.113,1,['ldap06.Princeton.edu']
128.112.129.188,1,['nismaster4-dev.Princeton.EDU']
140.180.221.40,1,['aisgold6web200w.Princeton.EDU']
172.18.0.152,1,['heymon-infranet1.Princeton.EDU']
140.180.221.91,1,['aisfsa201w.Princeton.EDU']
128.112.128.11,1,['aruba-cppm-01.Princeton.EDU']
172.19.70.62,1,['Lockhart.princeton.edu']
128.112.130.95,1,['eis-fwmgr.Princeton.EDU']
128.112.18.16,2,"['math.Princeton.EDU', 'MATH.PRINCETON.EDU']"
10.6.57.21,1,['iammimweb300w.Princeton.EDU']
128.112.130.115,1,['ais210l.Princeton.EDU']
140.180.220.26,1,['netvclock200l.Princeton.EDU']
172.19.0.110,1,['pdom06-netmgt.Princeton.EDU']
140.180.221.73,1,['fac114w.Princeton.EDU']
52.96.32.2,1,['MNZ-efz.ms-acdc.office.com']
10.6.61.12,1,['sdp101w.Princeton.EDU']
10.6.57.22,1,['sdpprox301l.Princeton.EDU']
128.112.26.63,1,['phtess1.astro.Princeton.EDU']
140.180.220.159,1,['ss225w.Princeton.EDU']
77.88.21.37,1,['mail.YANDEX.ru']
216.235.195.196,1,['mta-ZXXX.cluster3.blackbaud.net']
52.96.88.66,1,['MNZ-efz.ms-acdc.office.com']
3.90.195.49,1,['Delta-ELB-1549258696.us-east-1.elb.amazonaws.com']
172.18.4.153,1,['cy48-1296.Princeton.EDU']
172.19.70.83,2,"['Files.princeton.edu', 'files.PRINCETON.EDU']"
172.19.70.84,3,"['Files.princeton.edu', 'Smbserve.princeton.edu', 'homeserver2.Princeton.EDU']"
172.19.70.82,2,"['Files.princeton.edu', 'homeserver2.Princeton.EDU']"
140.147.55.47,1,['LISTSERV.LOC.GOV']
128.112.102.100,1,['phyindico.Princeton.EDU']
172.18.32.20,1,['cy48-0599.Princeton.EDU']
140.180.223.18,1,['csghubprod.Princeton.EDU']
140.180.220.151,1,['csi200w.Princeton.EDU']
10.21.1.96,1,['iamcas102l.aws.Princeton.EDU']
128.112.133.222,1,['esm.Princeton.EDU']
172.19.0.19,1,['wasspdb201w-netmgt.Princeton.EDU']
10.6.55.62,1,['wasspowa207w.Princeton.EDU']
140.180.221.54,1,['aisgold7200w.Princeton.EDU']
128.112.131.12,1,['ims302.Princeton.EDU']
128.112.133.136,1,['airwave-dormnet.Princeton.EDU']
172.19.1.14,1,['essesx292v-netmgt.Princeton.EDU']
172.19.0.56,1,['essesx241v-netmgt.Princeton.EDU']
140.180.220.131,1,['fac203w-gisprod.Princeton.EDU']
140.180.221.1,1,['pcs300l.Princeton.EDU']
140.180.220.47,1,['dasweb228w.Princeton.EDU']
155.109.171.100,1,['FPL.com']
128.112.134.58,1,['ele200l.Princeton.EDU']
128.112.128.69,1,['airwave6.Princeton.EDU']
172.19.0.171,1,['sentinel-netmgt.Princeton.EDU']
172.18.0.99,1,['cy48-0709.Princeton.EDU']
128.112.185.246,1,['OCP-8CSWKH2.princeton.edu']
172.19.0.86,1,['eissql207w-netmgt.Princeton.EDU']
10.6.57.50,1,['iammimweb200w.Princeton.EDU']
140.180.220.88,1,['iamweb200w.Princeton.EDU']
140.180.220.177,1,['oaapcvm203l.Princeton.EDU']
10.6.49.153,1,['aissimfony7203w.Princeton.EDU']
140.180.220.150,1,['ssvr208w.Princeton.EDU']
10.6.54.24,1,['iamshib204w.Princeton.EDU']
140.180.220.113,1,['devdesk.Princeton.EDU']
128.112.128.112,1,['eistsm207l.Princeton.EDU']
172.18.65.176,1,['new-heymon-infranet3.Princeton.EDU']
140.180.220.89,1,['fac214w-centric.Princeton.EDU']
10.6.56.48,1,['iamprox103l.Princeton.EDU']
10.6.55.52,1,['wasspfe204w.Princeton.EDU']
140.180.221.68,1,['tre201w.Princeton.EDU']
10.6.62.29,1,['cisdrswh201l.Princeton.EDU']
128.112.128.20,1,['receiver03.Princeton.EDU']
128.112.130.194,1,['cses01.Princeton.EDU']
10.6.61.28,1,['eisess200l.Princeton.EDU']
128.112.129.172,1,['essosd202w.Princeton.EDU']
140.180.220.40,1,['odoc200l.Princeton.EDU']
140.180.221.87,1,['uss310l.Princeton.EDU']
128.112.128.63,1,['airwave-failover.Princeton.EDU']
172.19.0.11,1,['dev203w-netmgt.Princeton.EDU']
172.19.0.89,1,['eissql100w-netmgt.Princeton.EDU']
172.18.3.179,1,['raritan-newsouth-machineroom-oob.Princeton.EDU']
128.112.130.63,1,['raas03.Princeton.EDU']
204.153.48.9,1,['border-87-router.Princeton.EDU']
18.216.105.254,1,['ALBANY.EDU']
192.168.4.245,1,['eisnet200l.Princeton.EDU']
10.21.28.185,1,['epm303l.aws.Princeton.EDU']
172.19.1.101,1,['essesx211v-netmgt.Princeton.EDU']
10.6.63.66,1,['uhs212w.Princeton.EDU']
140.180.221.106,1,['gso301w.Princeton.EDU']
10.252.81.78,1,['ap-0127-0053.Princeton.EDU']
172.18.2.11,1,['netbmfctrl1.Princeton.EDU']
140.180.220.85,1,['ces201w-ts.Princeton.EDU']
172.18.2.54,1,['cy48-0934.Princeton.EDU']
35.171.57.87,1,['DioceseofTrenton.org']
140.180.220.62,1,['fac313w.Princeton.EDU']
10.252.14.125,1,['rtr-agg-0617.Princeton.EDU']
140.180.220.149,1,['psy200w.Princeton.EDU']
172.19.0.34,1,['prz203w-netmgt.Princeton.EDU']
10.6.63.108,1,['dumper05.Princeton.EDU']
128.112.134.12,1,['mrtg.net.Princeton.EDU']
172.18.224.11,1,['new-heymon-infranet7.Princeton.EDU']
172.19.0.146,1,['roxdb01-netmgt.Princeton.EDU']
140.180.220.43,1,['pol202w.Princeton.EDU']
68.144.61.70,1,['S010638d547890af0.cg.shawcable.net']
140.180.220.125,1,['dev-webprod-tt.Princeton.EDU']
140.180.220.167,1,['geo-had-server.Princeton.EDU']
128.112.129.176,1,['kirby.Princeton.EDU']
10.6.57.37,1,['aisob311w.Princeton.EDU']
169.53.70.149,1,['MAIL.CAREERMD.COM']
3.18.93.174,1,['CareerMD.com']
192.0.79.33,1,['YRCFreight.com']
172.18.1.222,1,['cy48-2221.Princeton.EDU']
172.19.70.45,1,['Lowrie.princeton.edu']
52.96.88.82,1,['MNZ-efz.ms-acdc.office.com']
10.6.32.22,1,['isotx200l.Princeton.EDU']
140.180.221.31,1,['art200l.Princeton.EDU']
140.180.221.121,1,['dng205w.Princeton.EDU']
140.180.221.0,1,['sasspdc316w.Princeton.EDU']
162.255.118.194,1,['Clark4Clerk.com']
140.180.220.169,1,['pni-had-server.Princeton.EDU']
172.19.0.18,1,['das210w-netmgt.Princeton.EDU']
140.180.221.51,1,['aisgold7100w.Princeton.EDU']
52.96.87.226,1,['MNZ-efz.ms-acdc.office.com']
128.112.133.202,1,['csglists200l.Princeton.EDU']
172.18.32.68,1,['cy48-0601.Princeton.EDU']
140.180.221.50,1,['aisgold7302w.Princeton.EDU']
140.180.220.208,1,['das300w.Princeton.edu']
128.112.128.116,1,['eistsm211l.Princeton.EDU']
10.252.14.65,1,['swrtr-0598.Princeton.EDU']
52.96.38.82,1,['MNZ-efz.ms-acdc.office.com']
10.21.31.1,1,['epm301w.aws.Princeton.EDU']
52.96.35.178,1,['MNZ-efz.ms-acdc.office.com']
204.152.164.50,1,['ConsumerCellular.com']
172.18.1.76,1,['cy48-1643.Princeton.EDU']
10.6.49.146,1,['csgtools300l.Princeton.EDU']
140.180.220.60,1,['aissimfony7102w.Princeton.EDU']
128.112.128.14,1,['aruba-cppm-02.Princeton.EDU']
172.19.0.231,1,['essesx290v-netmgt.Princeton.EDU']
128.112.112.192,2,"['MOL-1Y3KZL1.pu.win.princeton.edu', 'MOL-1Y3KZL1.princeton.edu']"
140.180.220.184,1,['aishmsres121w.Princeton.EDU']
140.180.221.98,1,['cisdr205w.Princeton.EDU']
140.180.220.25,1,['mccweb200w.Princeton.EDU']
140.180.220.235,1,['mol103l.Princeton.EDU']
172.18.64.152,1,['heymon-infranet3.Princeton.EDU']
216.235.195.145,1,['mta-SWXS.cluster3.blackbaud.net']
199.34.228.43,1,['FromPrisonCellsToPhd.org']
192.0.78.229,1,['Advokatservices.com']
40.97.190.2,1,['MNZ-efz.ms-acdc.office.com']
10.252.81.42,1,['ap-0127-0054.Princeton.EDU']
148.173.91.83,1,['extmta1-IPC.aexp.com']
52.96.70.242,1,['MNZ-efz.ms-acdc.office.com']
52.96.15.2,1,['MNZ-efz.ms-acdc.office.com']
155.33.17.68,1,['Northeastern.edu']
172.18.3.127,1,['cy48-0774.Princeton.EDU']
128.112.130.57,1,['ais208l.Princeton.EDU']
128.112.129.193,1,['eisprtmgt201w.Princeton.EDU']
172.19.0.185,1,['essesx214v-netmgt.Princeton.EDU']
140.180.220.48,1,['eisess205l.Princeton.EDU']
172.18.32.70,1,['cy48-0602.Princeton.EDU']
128.112.201.102,1,['libserv39.Princeton.EDU']
10.6.48.186,1,['ss217w.Princeton.EDU']
140.180.220.70,1,['ats-dia212w.Princeton.EDU']
10.6.50.159,1,['eissql2a.Princeton.EDU']
128.112.132.123,1,['pol100l.Princeton.EDU']
128.112.200.63,1,['lib-lockss.Princeton.EDU']
172.18.4.90,1,['cy48-0439.Princeton.EDU']
128.112.8.156,1,['DPS-SUPPORT.princeton.edu']
10.21.1.179,1,['iamshib103w.aws.Princeton.EDU']
140.180.221.48,1,['aisgold7300w.Princeton.EDU']
140.180.226.102,1,['backupvpn2.Princeton.EDU']
140.180.221.94,1,['iamlds300w.Princeton.EDU']
140.180.220.199,1,['www-dept-edit.Princeton.EDU']
140.180.220.205,1,['das101w.Princeton.EDU']
10.6.47.19,1,['epm202l.Princeton.EDU']
140.180.221.19,1,['ss209l.Princeton.EDU']
140.180.221.35,1,['sasiw230w.Princeton.EDU']
140.180.220.108,1,['dsl200w.Princeton.EDU']
128.112.134.81,1,['csglists300l.Princeton.EDU']
172.19.0.91,1,['iamencoder206w-netmgt.Princeton.EDU']
128.112.134.246,1,['siem-ace.Princeton.EDU']
172.19.0.24,1,['wasspdb200w-netmgt.Princeton.EDU']
128.112.134.226,1,['receiver01.Princeton.EDU']
140.180.220.82,1,['waspprod03l.Princeton.EDU']
140.180.221.39,1,['fac212w.Princeton.EDU']
128.112.130.96,1,['ais209l.Princeton.EDU']
140.180.221.108,1,['gso201w.Princeton.EDU']
140.180.220.191,1,['andlchaos300l.Princeton.EDU']
140.180.221.116,2,"['ssepo224w.Princeton.EDU', 'SSEPO224W.princeton.edu']"
172.19.0.47,1,['eissql204w-netmgt.Princeton.EDU']
128.112.134.248,1,['prescott.Princeton.EDU']
140.180.220.174,1,['wasspdc205w.Princeton.EDU']
140.180.220.110,1,['dasdia212w.Princeton.EDU']
140.180.220.81,1,['fin203w.Princeton.EDU']
140.180.221.59,1,['amu203l.Princeton.EDU']
172.19.0.176,1,['hoover1-netmgt.Princeton.EDU']
172.19.0.68,1,['fac-infoctr1-netmgt.Princeton.EDU']
10.6.47.18,1,['sas202l.Princeton.EDU']
140.180.221.25,1,['ims314.Princeton.EDU']
10.6.56.41,1,['iamprox102l.Princeton.EDU']
172.18.4.248,1,['cx48-0092.Princeton.EDU']
52.96.19.82,1,['MNZ-efz.ms-acdc.office.com']
52.96.87.242,1,['MNZ-efz.ms-acdc.office.com']
23.20.239.12,1,['HDRedirect-LB5-1afb6e2973825a56.elb.us-east-1.amazonaws.com']
216.253.66.24,1,['mail.HoneyBaked.com']
128.112.129.243,1,['siem-elm.Princeton.EDU']
140.180.220.90,1,['css228w.Princeton.EDU']
172.18.224.10,1,['eyeinthesky-infranet7.Princeton.EDU']
172.18.194.98,1,['raritan-hpcrc.Princeton.EDU']
140.180.220.120,1,['lar-watchdog2.Princeton.EDU']
192.235.101.50,1,['HoneyBaked.com']
140.180.220.155,1,['netmon200l.Princeton.EDU']
10.6.49.128,1,['AIS316W.princeton.edu']
140.180.220.102,1,['oaamx201l.Princeton.EDU']
172.20.50.11,1,['fac-rds-202w.Princeton.EDU']
10.6.51.115,1,['fac-rds-202w.Princeton.EDU']
172.20.92.38,1,['ptr200w.Princeton.EDU']
10.6.51.104,1,['ptr200w.Princeton.EDU']
205.186.187.123,1,['AmericanLibertyOutreach.com']
10.6.50.1,1,['lrdc201w.Princeton.EDU']
10.6.48.138,1,['lrdc201w.Princeton.EDU']
10.6.49.100,1,['lrdc202w.Princeton.EDU']
10.6.48.206,1,['lrdc202w.Princeton.EDU']
10.6.48.210,1,['lrdc206w.Princeton.EDU']
10.6.48.207,1,['lrdc203w.Princeton.EDU']
10.6.48.211,1,['lrdc203w.Princeton.EDU']
10.6.48.209,1,['lrdc205w.Princeton.EDU']
10.21.1.208,1,['pdom09.aws.Princeton.EDU']
10.21.1.86,2,"['pdom10.aws.Princeton.EDU', 'PU.WIN.PRINCETON.EDU']"
3.220.168.135,1,['fedqa.Princeton.EDU']
172.18.32.24,1,['cy48-0603.Princeton.EDU']
10.6.49.149,1,['lrdc206w.Princeton.EDU']
184.178.198.25,1,['SwissAmerica.com']
10.252.81.34,1,['ap-0127-0055.Princeton.EDU']
10.6.48.208,1,['lrdc204w.Princeton.EDU']
10.6.48.243,1,['lrdc204w.Princeton.EDU']
10.6.49.84,1,['lrdc205w.Princeton.EDU']
23.24.90.197,1,['Ambilt.com']
172.18.32.10,1,['eyeinthesky-infranet2.Princeton.EDU']
52.96.44.162,1,['MNZ-efz.ms-acdc.office.com']
140.180.221.30,1,['waseqa03l.Princeton.EDU']
10.6.60.214,1,['cisdrex101w.Princeton.EDU']
140.180.220.251,1,['das210w.Princeton.EDU']
140.180.220.57,1,['uss201w.Princeton.EDU']
140.180.221.118,1,['isoproxy200w.Princeton.EDU']
172.18.3.30,1,['raritan-87pr-network-lab.Princeton.EDU']
140.180.223.46,1,['exchangeimap.Princeton.EDU']
128.112.129.122,1,['ims204.Princeton.edu']
140.180.221.88,1,['eisnet202l.Princeton.EDU']
140.180.220.94,1,['gso300w.Princeton.EDU']
140.180.220.72,1,['ss215w.Princeton.EDU']
184.168.131.241,1,['myCheapOair.com']
128.112.173.205,1,['LIB-GIS029.princeton.edu']
128.112.121.245,1,['GEN-MAX.princeton.edu']
198.101.174.172,1,['TFC.com']
104.40.48.29,1,['Honeywell.com']
128.112.121.90,1,['CHM-BRZVOQ2.princeton.edu']
128.112.122.64,1,['CHM-N2.princeton.edu']
140.180.220.106,1,['mcgrawect200l.Princeton.EDU']
140.180.220.76,1,['opr302w.Princeton.EDU']
128.112.129.64,1,['aruba-cppm-03.Princeton.EDU']
140.180.220.145,1,['art201w.Princeton.EDU']
10.6.63.79,1,['uhs213w.Princeton.EDU']
140.180.222.55,1,['idp.Princeton.EDU']
140.180.220.29,1,['asoar301l.Princeton.EDU']
140.180.221.105,1,['ath201w.Princeton.EDU']
172.19.0.130,1,['essvmbkp201w-netmgt.Princeton.EDU']
140.180.220.244,1,['mol203l.Princeton.EDU']
172.19.0.108,1,['eissql211w-netmgt.Princeton.EDU']
128.112.120.138,1,['CHM-4HG6DH2.princeton.edu']
140.180.222.61,1,['webservices.Princeton.EDU']
10.6.50.17,1,['eissql1b.Princeton.EDU']
128.112.201.19,1,['lib-lockss2.Princeton.EDU']
140.180.220.182,1,['aishmsres301w.Princeton.EDU']
128.112.129.68,1,['aruba-cppm-04.Princeton.EDU']
172.19.0.82,1,['eistsm207l-netmgt.Princeton.EDU']
172.18.194.97,1,['raritan-87pr-core.Princeton.EDU']
10.21.1.197,1,['iamshib107w.aws.Princeton.EDU']
140.180.220.218,1,['fac215w.Princeton.EDU']
140.180.220.225,1,['spcvmsdb100w.Princeton.EDU']
140.180.220.79,1,['aisfsaprtl200w.Princeton.EDU']
140.180.220.148,1,['aisgold6web300w.Princeton.EDU']
10.6.57.41,1,['aisob110w.Princeton.EDU']
10.6.60.215,1,['cisdrex200w.Princeton.EDU']
128.112.131.58,1,['ims214.Princeton.EDU']
172.18.0.251,1,['cy48-0605.Princeton.EDU']
140.180.221.111,1,['sassunapsis201w.Princeton.EDU']
10.6.47.16,1,['ais224l.Princeton.EDU']
172.18.4.130,1,['cx48-2560.Princeton.EDU']
172.19.0.38,1,['essconsole201w-netmgt.Princeton.EDU']
10.6.55.72,1,['iamethos101w.Princeton.EDU']
128.112.128.215,1,['ppa04.Princeton.EDU']
140.180.220.80,1,['fin103w.Princeton.EDU']
140.180.220.112,2,"['ssepo223w.Princeton.EDU', 'SSEPO223W.princeton.edu']"
10.6.57.23,1,['iammimweb301w.Princeton.EDU']
140.180.220.37,1,['soc-had200w.Princeton.EDU']
140.180.221.27,1,['ussitfile200w.Princeton.EDU']
132.174.0.132,1,['OCLC.ORG']
172.19.0.81,1,['iamencoder205w-netmgt.Princeton.EDU']
172.19.0.74,1,['essesx200v-netmgt.Princeton.EDU']
140.180.220.58,1,['ss224w.Princeton.EDU']
10.6.53.20,1,['ims223.Princeton.EDU']
10.6.51.24,1,['isserv216.Princeton.EDU']
128.112.128.214,1,['ppa03.Princeton.EDU']
10.6.52.101,1,['aissimfony7201w.Princeton.EDU']
128.112.134.137,1,['nisslave12.Princeton.EDU']
172.18.194.96,1,['raritan-87pr-core2.Princeton.EDU']
172.18.83.191,1,['arun-3672.Princeton.EDU']
128.112.217.38,1,['seunglab02.pni.Princeton.EDU']
10.252.81.31,1,['ap-0127-0056.Princeton.EDU']
128.112.203.239,1,['LOCATOR-PROD1.princeton.edu']
10.6.60.216,1,['cisdrex201w.Princeton.EDU']
140.180.220.107,1,['aisparking201w.Princeton.EDU']
140.180.220.206,1,['das110w.Princeton.EDU']
140.180.221.76,1,['dascrl200w.Princeton.EDU']
10.6.47.13,1,['sas102l.Princeton.EDU']
128.112.148.175,1,['OPR-CYGCHH2.princeton.edu']
140.180.220.180,1,['cisdrroxen201l.Princeton.EDU']
140.180.221.102,1,['asbb107l.Princeton.EDU']
140.180.220.253,1,['asbb208l.Princeton.EDU']
140.180.220.157,1,['iamdirsync200w.Princeton.EDU']
172.19.0.75,1,['essesx201v-netmgt.Princeton.EDU']
10.21.1.25,1,['iamshib102w.aws.Princeton.EDU']
140.180.220.237,1,['sasiw350l.Princeton.EDU']
10.6.57.29,1,['sdpohs101l.Princeton.EDU']
10.6.63.109,1,['alumni05.Princeton.EDU']
128.112.149.192,1,['SRC-7L5VCX1.princeton.edu']
10.6.58.25,1,['qaovd.Princeton.EDU']
52.96.69.50,1,['MNZ-efz.ms-acdc.office.com']
209.234.101.104,2,"['CRITICALREACH.ORG', 'CriticalReach.Org']"
128.112.216.241,1,['seunglab01.pni.Princeton.EDU']
140.180.221.84,1,['dng203w.Princeton.EDU']
172.18.128.111,1,['new-heymon-infranet5.Princeton.EDU']
172.29.0.11,1,['IBLSERVER.princeton.edu']
172.18.3.109,1,['cy48-0612.Princeton.EDU']
128.112.185.247,1,['PCO-R901HCB2.pu.win.princeton.edu']
10.254.3.176,1,['mol-cristea-m551.Princeton.EDU']
184.72.125.39,1,['ConnectedCommunity.org']
129.173.31.187,1,['Dal.Ca']
140.180.221.32,1,['cseslicense02.Princeton.EDU']
140.180.220.28,1,['dasdia112w.Princeton.EDU']
10.6.55.78,1,['sasspowa317w.Princeton.EDU']
140.180.221.82,1,['sasemsws100w.Princeton.EDU']
10.21.1.218,1,['iamcas103l.aws.Princeton.EDU']
172.19.0.71,1,['ims204-netmgt.Princeton.EDU']
10.6.48.55,1,['iamweb300l.Princeton.EDU']
10.6.50.136,1,['ims221.Princeton.EDU']
10.6.62.21,1,['cisdrswh300l.Princeton.EDU']
172.19.0.83,1,['eissql206w-netmgt.Princeton.EDU']
10.21.1.89,1,['iamcas202l.aws.Princeton.EDU']
172.18.32.16,1,['new-heymon-infranet2.Princeton.EDU']
140.180.221.78,1,['aisinfoed120w.Princeton.EDU']
172.19.0.175,1,['roxdb02qa-netmgt.Princeton.EDU']
128.112.128.67,1,['airwave5.Princeton.EDU']
140.180.220.249,1,['ats202l.Princeton.EDU']
10.6.63.111,1,['dumper06.Princeton.EDU']
172.18.83.203,1,['arun-3673.Princeton.EDU']
140.180.220.44,1,['cisdr208w.Princeton.EDU']
140.180.220.166,1,['fac211w.Princeton.EDU']
10.6.55.65,1,['mon303l.Princeton.EDU']
132.204.8.144,1,['UMontreal.CA']
94.143.106.11,1,['WineEnthusiastcom12.mta.dotmailer.com']
128.112.121.188,1,['CHM-D25SM081GQ1.princeton.edu']
172.18.0.51,1,['cy48-0616.Princeton.EDU']
10.252.81.35,1,['ap-0127-0057.Princeton.EDU']
40.97.188.226,1,['MNZ-efz.ms-acdc.office.com']
96.46.128.252,1,['TownHallmail.com']
128.221.236.246,1,['Esrs3-core.emc.com']
128.221.236.245,1,['Esrs3.emc.com']
143.166.135.76,1,['Ftp.dell.com']
72.29.98.151,1,['MCARapp.tessituranetworkramp.com']
13.77.161.179,1,['Microsoft.com']
137.116.207.86,1,['MyGet.org']
172.18.83.204,1,['arun-3674.Princeton.EDU']
171.162.160.75,1,['Ios.works.com']
171.162.93.32,1,['Iosdr.works.com']
199.232.36.223,1,['Pypi.Python.org']
139.146.146.150,1,['SFTP.imodules.com']
170.201.111.16,1,['TAGTSFTP.pnc.com']
172.19.0.55,1,['isserv216-netmgt.Princeton.EDU']
140.180.221.92,1,['chm200w.Princeton.EDU']
140.180.220.217,1,['fac115w.Princeton.EDU']
172.18.128.152,1,['heymon-infranet5.Princeton.EDU']
140.180.220.41,1,['odoc201w.Princeton.EDU']
10.6.63.118,1,['sdpldap300l.Princeton.EDU']
104.16.50.14,1,['ASU.EDU']
136.223.132.12,1,['SUNYJEFFERSON.EDU']
13.107.4.50,1,['Wsus.ds.download.windowsupdate.com']
10.6.52.98,1,['aissimfony7200w.Princeton.EDU']
209.99.40.226,1,['14.143.64.114.static-Bangalore.vsnl.net.in']
140.180.220.83,1,['fac122w.Princeton.EDU']
10.6.53.11,1,['wasspdb2a.Princeton.EDU']
172.19.0.104,1,['essesx216v-netmgt.Princeton.EDU']
140.180.222.103,1,['ovdprod.Princeton.EDU']
10.6.63.112,1,['ldap05.Princeton.edu']
140.180.221.63,1,['aishmsres111w.Princeton.EDU']
140.180.220.93,1,['gso100w.Princeton.EDU']
10.6.50.39,1,['fac128w.Princeton.EDU']
140.180.221.66,1,['fac312w.Princeton.EDU']
128.112.201.13,1,['recapgfa.Princeton.EDU']
10.6.55.54,1,['mon204l.Princeton.EDU']
140.180.221.37,1,['fac213w.Princeton.EDU']
172.19.0.131,1,['sdpldap101l-netmgt.Princeton.EDU']
172.19.0.212,1,['essesx220v-netmgt.Princeton.EDU']
140.180.221.38,1,['fac214w.Princeton.EDU']
140.180.221.104,1,['sasemsws200w.Princeton.EDU']
140.180.220.165,1,['aissimfony7103w.Princeton.EDU']
172.19.0.77,1,['eistsm206l-netmgt.Princeton.EDU']
140.180.221.53,1,['aisgold7102w.Princeton.EDU']
10.21.1.76,1,['winqa04.aws.Princeton.EDU']
140.180.220.87,1,['pol202l.Princeton.EDU']
172.19.0.164,1,['roxdb02-netmgt.Princeton.EDU']
128.112.129.55,1,['new-heymon.Princeton.EDU']
128.112.129.23,1,['ims319.Princeton.EDU']
10.6.62.26,1,['cisdrswh200l.Princeton.EDU']
140.180.221.10,1,['mol200l.Princeton.EDU']
140.180.220.146,1,['dev102w.Princeton.EDU']
140.180.220.186,1,['csgsmtp101l.Princeton.EDU']
140.180.220.45,1,['oocphotos200w.Princeton.EDU']
10.6.55.17,1,['wasspfe203w.Princeton.EDU']
140.180.220.56,1,['vpft201w.Princeton.EDU']
128.112.129.21,1,['ims318.Princeton.EDU']
172.19.0.61,1,['essesx242v-netmgt.Princeton.EDU']
128.112.133.151,1,['pol101l.Princeton.EDU']
128.112.131.57,1,['csgsawmill300l.Princeton.EDU']
10.6.51.40,1,['ims219.Princeton.EDU']
10.6.63.110,1,['alumni06.Princeton.EDU']
140.180.221.52,1,['aisgold7101w.Princeton.EDU']
140.180.220.14,1,['ats201w.Princeton.EDU']
140.180.220.59,1,['sassunapsis200w.Princeton.EDU']
128.112.128.80,1,['airwave7.Princeton.EDU']
128.112.129.35,1,['sdp202w.Princeton.EDU']
172.18.0.165,1,['cy48-0637.Princeton.EDU']
140.180.220.84,1,['devtabguest.Princeton.EDU']
140.180.220.97,1,['ele303l.Princeton.EDU']
140.180.221.64,1,['wds200l.Princeton.EDU']
172.18.64.10,1,['eyeinthesky-infranet3.Princeton.EDU']
23.100.43.208,2,"['RopesGray.com', 'JonesDay.com']"
128.112.129.16,1,['airwave-administrative.Princeton.EDU']
140.180.220.158,1,['ais216l.Princeton.EDU']
216.235.195.182,1,['mta-HHJK.cluster3.blackbaud.net']
10.21.1.192,1,['iamcas203l.aws.Princeton.EDU']
50.253.0.254,1,['LISTS.PESC.ORG']
128.112.128.104,1,['eistsm206l.Princeton.EDU']
128.112.128.183,1,['ims311.Princeton.EDU']
140.180.221.109,1,['prz206w.Princeton.EDU']
10.6.47.12,1,['sas101l.Princeton.EDU']
140.180.221.69,1,['ats203l.Princeton.EDU']
128.112.128.22,1,['receiver02.Princeton.EDU']
140.180.220.86,1,['amu206w.Princeton.EDU']
172.19.0.87,1,['eistsm211l-netmgt.Princeton.EDU']
140.180.220.13,1,['ims225.Princeton.EDU']
140.180.221.26,1,['ims315.Princeton.EDU']
140.180.220.91,1,['css300w.Princeton.EDU']
172.19.0.85,1,['essesx217v-netmgt.Princeton.EDU']
10.6.55.77,1,['sasspfe314w.Princeton.EDU']
52.96.88.114,1,['MNZ-efz.ms-acdc.office.com']
172.18.83.205,1,['arun-3755.Princeton.EDU']
216.235.195.69,1,['mta-YXXX.cluster2.blackbaud.net']
140.180.221.107,1,['eisglob100l.Princeton.EDU']
140.180.220.75,1,['ele203l.Princeton.EDU']
10.6.54.39,1,['reg301l.Princeton.EDU']
104.18.5.101,1,['www.Princeton.EDU']
10.252.81.68,1,['ap-0127-0058.Princeton.EDU']
140.180.220.250,1,['esspm300w.Princeton.EDU']
140.180.220.33,1,['fac111w.Princeton.EDU']
140.180.221.77,1,['mus200w.Princeton.EDU']
172.19.1.102,1,['essesx212v-netmgt.Princeton.EDU']
140.180.220.209,1,['iamcert200w.Princeton.EDU']
10.6.61.29,1,['eisess201l.Princeton.EDU']
140.180.221.43,1,['iamshib303l.Princeton.EDU']
140.180.220.164,1,['aissimfony7100w.Princeton.EDU']
140.180.220.77,1,['ats101w.Princeton.EDU']
128.112.134.51,1,['ele101l.Princeton.EDU']
128.112.20.132,1,['EEB-GYJ51Q2.princeton.edu']
128.112.136.51,1,['CS.PRINCETON.EDU']
140.180.221.44,1,['aisfrevvo200w.Princeton.EDU']
172.18.4.86,1,['cy48-0638.Princeton.EDU']
128.112.184.250,1,['PCO-BLOOMBERG1.pu.win.princeton.edu']
128.112.184.198,1,['PCO-BLOOMBERG2.pu.win.princeton.edu']
172.18.1.133,1,['cy48-0864.Princeton.EDU']
128.112.211.210,1,['DIGITAL-PHOTO06.princeton.edu']
140.180.220.71,1,['ats-dia112w.Princeton.EDU']
140.180.220.254,1,['fac209w-awprod.Princeton.EDU']
128.112.130.132,1,['siem-adm.Princeton.EDU']
140.180.220.31,1,['css328w.Princeton.EDU']
140.180.221.96,1,['isocconsole200w.Princeton.EDU']
140.180.221.3,1,['ss200l.Princeton.EDU']
140.180.220.116,1,['dev206w.Princeton.EDU']
216.235.195.144,1,['mta-SWXW.cluster3.blackbaud.net']
10.6.57.45,1,['iammimweb100w.Princeton.EDU']
10.6.48.128,1,['eissql1c.Princeton.EDU']
172.19.0.33,1,['nismaster-netmgt.Princeton.EDU']
140.180.220.141,1,['fac226-olive.Princeton.EDU']
140.180.221.21,1,['uhs-bhs200w.Princeton.EDU']
10.21.1.227,1,['iamshib203w.aws.Princeton.EDU']
172.19.1.13,1,['essesx291v-netmgt.Princeton.EDU']
107.22.221.117,1,['harris.Princeton.EDU']
10.6.56.39,1,['iamprox100l.Princeton.EDU']
140.180.221.95,1,['iamlds301w.Princeton.EDU']
128.112.128.108,1,['nismaster.Princeton.EDU']
10.6.52.45,1,['wasspdb1a.Princeton.EDU']
192.175.161.93,1,['Vanguard.com']
204.153.48.21,1,['border-87-router.Princeton.EDU']
10.254.0.241,1,['hp-guyot-41.Princeton.EDU']
93.184.216.38,1,['g.wac.04F1.epsiloncdn.net']
45.60.136.192,1,['SEPTAKey.org']
162.243.144.243,1,['NavarroWine.com']
172.18.83.206,1,['arun-3756.Princeton.EDU']
10.252.81.20,1,['ap-0127-0059.Princeton.EDU']
128.112.120.156,1,['CHM-3CBLMD2.princeton.edu']
69.25.20.196,1,['4D8BABD3B12E7E905380DFBDE7F81092.webservice.logmein.com']
64.95.128.217,1,['4D8BABD3B12E7E905380DFBDE7F81092.webservice.logmein.com']
204.153.48.22,1,['border-87-router.Princeton.EDU']
216.235.195.53,1,['mta-HHHI.cluster2.blackbaud.net']
216.235.195.59,1,['mta-PMXM.cluster2.blackbaud.net']
172.18.3.174,1,['cy48-0646.Princeton.EDU']
216.235.195.19,1,['mta-QWNW.cluster2.blackbaud.net']
67.195.231.10,1,['AOL.COM']
216.235.195.173,1,['mta-DBXD.cluster3.blackbaud.net']
128.112.131.123,2,"['STATSEEKER.PRINCETON.EDU', 'statseeker.Princeton.EDU']"
172.18.78.88,1,['arun-3757.Princeton.EDU']
216.235.195.171,1,['mta-CGXC.cluster3.blackbaud.net']
172.18.2.114,1,['cy48-0647.Princeton.EDU']
10.252.81.69,1,['ap-0127-0060.Princeton.EDU']
10.6.50.185,1,['eisssrs301w.Princeton.EDU']
128.112.128.118,1,['eistsm210l.Princeton.EDU']
140.180.221.4,1,['asweb200l.Princeton.EDU']
69.28.185.97,1,['US.depot.battle.net']
13.111.18.27,1,['t.QuickenLoans.com']
140.180.221.11,1,['mol201l.Princeton.EDU']
10.6.55.49,1,['iamadfs101w.Princeton.EDU']
140.180.221.55,1,['aisgold7201w.Princeton.EDU']
128.112.128.51,1,['airwave4.Princeton.EDU']
172.19.0.133,1,['isserv215-netmgt.Princeton.EDU']
140.180.220.121,1,['csla200w.Princeton.EDU']
140.180.220.123,1,['dng202w.Princeton.EDU']
172.18.78.89,1,['arun-3758.Princeton.EDU']
128.112.232.132,1,['ISRAEL.princeton.edu']
128.112.102.32,1,['mousedb.Princeton.EDU']
140.180.220.196,1,['aisedit.Princeton.EDU']
140.180.226.56,1,['backupvpn.Princeton.EDU']
172.19.0.36,1,['essvmbkp100w-netmgt.Princeton.EDU']
10.21.1.56,1,['winqa03.aws.Princeton.EDU']
140.180.221.99,1,['cch100w.Princeton.EDU']
172.18.224.152,1,['heymon-infranet7.Princeton.EDU']
140.180.220.238,1,['sas112l.Princeton.EDU']
140.180.220.73,1,['pei300w.Princeton.EDU']
140.180.221.34,1,['uss202w-win08.Princeton.EDU']
140.180.220.252,1,['asbb106l.Princeton.EDU']
172.19.0.242,1,['essesx221v-netmgt.Princeton.EDU']
10.6.57.47,1,['iammimweb201w.Princeton.EDU']
10.6.62.20,1,['cisdrswh100l.Princeton.EDU']
172.19.0.84,1,['eistsm208l-netmgt.Princeton.EDU']
140.180.220.143,1,['eng200w.Princeton.EDU']
140.180.221.120,1,['dng305w.Princeton.EDU']
140.180.226.53,1,['backupvpn1.Princeton.EDU']
140.180.220.78,1,['aisfsaprtl100w.Princeton.EDU']
140.180.221.18,1,['oa.Princeton.EDU']
172.19.0.76,1,['essesx203v-netmgt.Princeton.EDU']
172.19.0.153,1,['essesx213v-netmgt.Princeton.EDU']
140.180.221.33,1,['fac113w.Princeton.EDU']
140.180.220.175,1,['jefspecial200l.Princeton.EDU']
172.19.0.58,1,['eissql105w-netmgt.Princeton.EDU']
140.180.220.187,1,['pol203l.Princeton.EDU']
140.180.220.128,1,['eas200w.Princeton.EDU']
216.235.195.183,1,['mta-LLUM.cluster3.blackbaud.net']
172.19.1.9,1,['eis208l-drac.Princeton.EDU']
140.180.220.247,1,['ant-had200w.Princeton.EDU']
128.112.134.146,1,['nisslave11.Princeton.EDU']
128.112.222.63,1,['PNI-198V3WZV2.princeton.edu']
10.6.63.6,1,['esspatchtest300.Princeton.EDU']
140.180.220.104,1,['aissimfony7300w.Princeton.EDU']
140.180.221.86,1,['eishpdm200w.Princeton.EDU']
10.6.47.11,1,['sas100l.Princeton.EDU']
140.180.220.119,1,['iso200l-rencif.Princeton.EDU']
172.19.0.21,1,['essesx240v-netmgt.Princeton.EDU']
172.18.32.152,1,['heymon-infranet2.Princeton.EDU']
140.180.225.102,1,['netvirtu01.Princeton.EDU']
140.180.221.79,1,['aishmsres211w.Princeton.EDU']
10.6.58.27,1,['oldsmtp.Princeton.EDU']
140.180.220.49,1,['cisdr204l.Princeton.EDU']
172.18.128.10,1,['eyeinthesky-infranet5.Princeton.EDU']
128.112.128.243,1,['ppvm.Princeton.EDU']
10.6.54.25,1,['iamshib205w.Princeton.EDU']
128.112.128.216,1,['ppa02.Princeton.EDU']
140.180.220.117,1,['dev-webprod.Princeton.EDU']
140.180.220.192,1,['dev202w.Princeton.EDU']
172.18.194.99,1,['raritan-newsouth-machineroom.Princeton.EDU']
128.112.131.219,1,['csglists301l.Princeton.EDU']
172.18.32.83,1,['cy48-0655.Princeton.EDU']
128.112.131.247,1,['airwave-rap.Princeton.EDU']
140.180.220.92,1,['gso200w.Princeton.EDU']
10.6.47.14,1,['sas103l.Princeton.EDU']
140.180.220.200,1,['deptbedit.Princeton.EDU']
172.19.0.105,1,['essesx218v-netmgt.Princeton.EDU']
140.180.220.248,1,['fac228w.Princeton.EDU']
140.180.220.160,1,['aissimfony7302w.Princeton.EDU']
10.21.1.40,2,"['puqa05.zeta.adtest.Princeton.EDU', 'puqa05.aws.Princeton.EDU']"
50.17.55.221,1,['LeagueAthletics.com']
140.180.220.156,1,['iamdirsync100w.Princeton.EDU']
140.180.220.171,1,['wassp104w.Princeton.EDU']
10.6.54.38,1,['reg102l.Princeton.EDU']
140.180.220.188,1,['ss308l.Princeton.EDU']
10.6.55.63,1,['iamcas300l.Princeton.EDU']
10.6.54.42,1,['iamshib200w.Princeton.EDU']
140.180.221.112,1,['uhs211w.Princeton.EDU']
172.19.0.64,1,['win04-netmgt.Princeton.EDU']
128.112.134.25,1,['ims316.Princeton.EDU']
140.180.220.172,1,['ss106w.Princeton.EDU']
172.19.0.128,1,['essvmbkp200w-netmgt.Princeton.EDU']
172.19.0.79,1,['eissql210w-netmgt.Princeton.EDU']
140.180.220.95,1,['oaamx101l.Princeton.EDU']
140.180.220.185,1,['aishmsres101w.Princeton.EDU']
140.180.220.129,1,['dev201w.Princeton.EDU']
140.180.221.6,1,['aisfrevvo100w.Princeton.EDU']
10.6.60.213,1,['cisdrex100w.Princeton.EDU']
140.180.220.35,1,['cisdr207w.Princeton.EDU']
10.6.56.17,1,['aisupc103w.Princeton.EDU']
140.180.220.178,1,['landrdev301w.Princeton.EDU']
192.231.215.241,1,['LISTS.APA.ORG']
216.235.195.43,1,['mta-AAAB.cluster2.blackbaud.net']
172.18.192.10,1,['eyeinthesky-infranet4.Princeton.EDU']
172.18.81.37,1,['arun-3759.Princeton.EDU']
128.112.131.27,1,['ims303.Princeton.EDU']
10.6.52.12,1,['essoncmd200.Princeton.EDU']
69.164.50.157,1,['US.depot.battle.net']
10.252.81.14,1,['ap-0127-0061.Princeton.EDU']
162.105.129.75,1,['NOD32mgt.pku.edu.cn']
140.180.221.72,1,['ele305l.Princeton.EDU']
140.180.220.163,1,['aissimfony7303w.Princeton.EDU']
172.18.192.152,1,['heymon-infranet4.Princeton.EDU']
140.180.221.65,1,['isogate100w.Princeton.EDU']
128.148.252.151,1,['Brown.edu']
128.112.35.140,1,['VAPOR2.princeton.edu']
128.112.220.83,1,['seunglab04.pni.Princeton.EDU']
192.55.106.15,1,['JABBA.pppl.gov']
151.141.244.69,1,['MAIL.ETSU.EDU']
172.18.0.102,1,['cy48-0660.Princeton.EDU']
172.19.1.15,1,['pdom07-netmgt.Princeton.EDU']
128.112.128.55,1,['www.net.Princeton.EDU']
172.18.192.64,1,['new-heymon-infranet4.Princeton.EDU']
140.180.220.36,1,['eiscpan101l.Princeton.EDU']
128.112.128.213,1,['ppa01.Princeton.EDU']
172.19.0.70,1,['iamencoder204w-netmgt.Princeton.EDU']
10.6.54.28,1,['iamtools100w.Princeton.EDU']
10.6.47.17,1,['sas201l.Princeton.EDU']
140.180.221.114,1,['sassunapsis100w.Princeton.EDU']
140.180.220.170,1,['prz204w.Princeton.EDU']
172.18.4.5,1,['new-heymon-infranet1.Princeton.EDU']
140.180.221.28,1,['ele201l.ee.Princeton.EDU']
172.18.2.63,1,['netbmfctrl2.Princeton.EDU']
140.180.220.46,1,['ss304l.Princeton.EDU']
10.6.59.237,1,['essrds290w.Princeton.EDU']
128.112.128.27,1,['nismaster3.Princeton.EDU']
140.180.220.122,1,['ss116w.Princeton.EDU']
104.196.231.73,1,['NAEH.org']
50.63.122.1,1,['MuijeLawOffice.com']
128.112.218.67,1,['seunglab03.pni.Princeton.EDU']
128.112.119.58,2,"['ARRAYFILES.Princeton.EDU', 'arrayfiles.Princeton.EDU']"
128.112.202.164,1,['lib-lockss3.Princeton.EDU']
172.18.81.38,1,['arun-3760.Princeton.EDU']
172.18.2.12,1,['cy48-0427.Princeton.EDU']
172.18.1.15,1,['cy48-0127.Princeton.EDU']
172.18.1.103,1,['cy48-0662.Princeton.EDU']
172.18.0.252,1,['cy48-0456.Princeton.EDU']
10.252.81.44,1,['ap-0127-0062.Princeton.EDU']
10.254.8.60,1,['mol-srikumar-hpm452dn.Princeton.EDU']
69.252.80.75,1,['Comcast.net']
155.199.80.173,1,['Fidelity.com']
155.199.64.173,1,['Fidelity.com']
172.18.33.121,1,['ca12-0007.Princeton.EDU']
216.235.195.162,1,['mta-RFOF.cluster3.blackbaud.net']
172.18.83.226,1,['arun-3761.Princeton.EDU']
172.18.2.31,1,['cb12-2349.Princeton.EDU']
172.18.1.100,1,['cy48-0664.Princeton.EDU']
128.112.36.185,1,['cee-web.Princeton.EDU']
216.235.195.40,1,['mta-RYTY.cluster2.blackbaud.net']
34.208.211.37,1,['DuckDNSAppELB-570522007.us-west-2.elb.amazonaws.com']
172.18.0.174,1,['cy48-3004.Princeton.EDU']
128.112.85.234,1,['phy-ws10.Princeton.EDU']
10.252.14.69,1,['swrtr-0665.Princeton.EDU']
128.112.102.89,1,['phy203l.Princeton.EDU']
10.252.14.85,1,['swrtr-0438.Princeton.EDU']
10.6.48.146,1,['PUQA01.zeta.adtest.princeton.edu']
3.226.195.129,1,['aftv-22-Amazon-AFTT-3243.na.api.amazonvideo.com']
10.6.56.26,1,['ais101l.Princeton.EDU']
128.112.226.70,1,['ART-080619a.princeton.edu']
172.18.83.227,1,['arun-3762.Princeton.EDU']
129.22.103.226,1,['mpv1-2015.CWRU.Edu']
172.18.0.150,1,['cy48-1655.Princeton.EDU']
152.3.24.12,1,['TTS-RELAY-24.win.duke.edu']
10.252.81.104,1,['ap-0127-0063.Princeton.EDU']
192.175.162.88,1,['Vanguard.com']
172.18.0.231,1,['cx48-0694.Princeton.EDU']
216.235.195.45,1,['mta-AAAG.cluster2.blackbaud.net']
216.235.195.35,1,['mta-RRRF.cluster2.blackbaud.net']
10.6.51.15,1,['PrintSOA200W.princeton.edu']
172.18.3.229,1,['cy48-0673.Princeton.EDU']
100.24.220.125,1,['idpqa.Princeton.EDU']
172.19.0.17,1,['eisfw1-mgmt.Princeton.EDU']
10.254.9.146,1,['LIB-PRS22.princeton.edu']
172.18.192.75,1,['ca12-2507.Princeton.EDU']
172.18.3.147,1,['cb12-0291.Princeton.EDU']
178.128.75.142,1,['SARAHFORGEORGIA.COM']
172.18.0.168,1,['cy48-0773.Princeton.EDU']
140.180.228.147,1,['EIS-DTQ9FZ1.princeton.edu']
172.18.2.183,1,['cb12-1617.Princeton.EDU']
172.18.1.120,1,['cy48-2413.Princeton.EDU']
172.18.83.228,1,['arun-3763.Princeton.EDU']
172.18.0.204,1,['cy48-2440.Princeton.EDU']
172.18.192.46,1,['ca12-1545.Princeton.EDU']
199.16.64.41,1,['NGA.GOV']
216.235.195.140,1,['mta-QEXN.cluster3.blackbaud.net']
216.235.195.17,1,['mta-QSSE.cluster2.blackbaud.net']
172.18.193.147,1,['ca12-2964.Princeton.EDU']
172.18.1.17,1,['cy48-0674.Princeton.EDU']
209.16.109.28,2,"['RCArchitect.com', 'RCarchitect.com']"
172.18.3.18,1,['ce32-1754.Princeton.EDU']
10.252.81.70,1,['ap-0127-0064.Princeton.EDU']
128.112.176.229,1,['dogfish.Princeton.EDU']
172.18.2.153,1,['ca12-1159.Princeton.EDU']
205.223.222.204,1,['LISTSERV12.LEON.K12.FL.US']
132.66.17.19,1,['LISTSERV.TAU.AC.IL']
205.223.147.7,1,['LEONSCHOOLS.NET']
104.198.110.226,1,['AJRSEM.Org']
172.18.83.229,1,['arun-3764.Princeton.EDU']
128.112.219.114,1,['bucket.PNI.princeton.edu']
128.112.123.212,1,['CHM-CP-960-A53.princeton.edu']
128.112.149.206,1,['opr-FQK7PY2.princeton.edu']
128.112.123.132,1,['CHM-DN-780-B22.princeton.edu']
172.18.192.125,1,['cx24-1713.Princeton.EDU']
128.112.217.51,1,['pni-brodylabvm.Princeton.EDU']
132.204.8.33,1,['TI.UMontreal.CA']
10.254.6.152,1,['lib-gis-designjet.Princeton.EDU']
172.18.1.35,1,['cy48-0681.Princeton.EDU']
128.112.109.154,1,['EAS-D25XK09TJ1G.princeton.edu']
172.18.32.181,1,['ca24-0836.Princeton.EDU']
172.18.32.45,1,['ca24-0002.Princeton.EDU']
10.6.49.188,1,['PRINTDELL.princeton.edu']
10.252.14.18,1,['rtr-agg-0685-b.Princeton.EDU']
172.18.192.35,1,['ca12-1729.Princeton.EDU']
10.21.1.32,1,['win06.aws.Princeton.EDU']
10.252.81.21,1,['ap-0127-0065.Princeton.EDU']
34.200.129.209,1,['UCHICAGO.EDU']
172.18.2.236,1,['cb24-1443.Princeton.EDU']
172.18.4.209,1,['cx48-2379.Princeton.EDU']
172.20.52.14,1,['fac-rds-203w.Princeton.EDU']
10.6.51.116,1,['fac-rds-203w.Princeton.EDU']
172.18.4.114,1,['cy48-0685.Princeton.EDU']
138.253.100.138,1,['LISTSERV.LIV.AC.UK']
94.130.15.241,1,['FieldOperations.net']
10.6.48.245,1,['lrdc207w.Princeton.EDU']
128.112.140.56,1,['LIB-SCANPRO008.princeton.edu']
128.112.102.48,1,['mturk-nrouhani.Princeton.EDU']
172.18.1.209,1,['cy48-1256.Princeton.EDU']
172.18.84.79,1,['arun-3766.Princeton.EDU']
172.18.0.58,1,['cy48-0907.Princeton.EDU']
128.112.102.49,1,['license.rc.Princeton.EDU']
172.18.0.22,1,['cb24-1569.Princeton.EDU']
10.6.57.27,1,['sdpovd101l.Princeton.EDU']
129.7.97.150,1,['Central.UH.EDU']
10.6.49.208,1,['PRINTGPD.princeton.edu']
34.199.106.171,1,['ws-3CDAD91C-1E0D-4A0D-BBEE-9671988BF9E9.sendbird.com']
52.73.232.108,1,['api-3CDAD91C-1E0D-4A0D-BBEE-9671988BF9E9.sendbird.com']
172.18.3.59,1,['cy48-1620.Princeton.EDU']
10.252.81.53,1,['ap-0127-0066.Princeton.EDU']
128.112.209.27,1,['ANT-COYLE-FCP.princeton.edu']
172.18.3.27,1,['cy48-1619.Princeton.EDU']
172.18.84.83,1,['arun-3767.Princeton.EDU']
198.49.23.145,1,['AdvancedHumanPerformance.com']
128.112.118.212,1,['GEN-G9A3LI6.princeton.edu']
128.112.129.178,1,['ernie.Princeton.EDU']
128.112.36.87,1,['flood.Princeton.EDU']
128.112.217.155,1,['brodycomp1.Princeton.EDU']
172.18.3.250,1,['cx24-0897.Princeton.EDU']
140.180.130.112,1,['PC5857.princeton.edu']
172.18.1.214,1,['cx48-0620.Princeton.EDU']
172.18.1.28,1,['cy48-0202.Princeton.EDU']
172.18.3.233,1,['cy48-2262.Princeton.EDU']
172.18.2.116,1,['cy48-0065.Princeton.EDU']
172.18.33.30,1,['cy48-1093.Princeton.EDU']
172.18.3.240,1,['cy48-0739.Princeton.EDU']
172.18.192.28,1,['cy24-1704.Princeton.EDU']
172.18.33.25,1,['cy48-2105.Princeton.EDU']
128.112.219.110,1,['bucket.PNI.princeton.edu']
172.18.192.158,1,['cx24-0073.Princeton.EDU']
10.21.1.87,1,['iamshib202w.aws.Princeton.EDU']
172.18.84.86,1,['arun-3768.Princeton.EDU']
10.252.14.97,1,['swrtr-0664.Princeton.EDU']
172.18.2.182,1,['cy48-1618.Princeton.EDU']
10.252.81.60,1,['ap-0127-0067.Princeton.EDU']
13.92.83.197,1,['VHB.com']
10.252.14.93,1,['swrtr-0518.Princeton.EDU']
172.18.192.21,1,['cx24-0379.Princeton.EDU']
172.18.3.56,1,['cx48-0622.Princeton.EDU']
172.18.192.97,1,['cx24-0403.Princeton.EDU']
40.122.144.30,1,['LISTSERV.EDUCAUSE.EDU']
216.54.215.184,1,['UNA.EDU']
172.18.194.71,1,['ca12-1454.Princeton.EDU']
172.18.193.159,1,['cx24-2231.Princeton.EDU']
18.205.218.45,1,['ChestnutHillRealty.com']
172.18.5.36,1,['ct16-0197.Princeton.EDU']
172.18.84.87,1,['arun-3769.Princeton.EDU']
172.18.194.121,1,['ca12-1901.Princeton.EDU']
205.186.175.216,1,['markoforWA.com']
172.19.70.56,2,"['lowrie.Princeton.EDU', 'Lowrie.princeton.edu']"
172.18.194.125,1,['cy24-2530.Princeton.EDU']
10.6.55.53,1,['wasspowa106w.Princeton.EDU']
10.6.56.16,1,['aisupc102w.Princeton.EDU']
104.18.4.101,1,['www.Princeton.EDU']
172.18.193.164,1,['cx24-0195.Princeton.EDU']
172.18.194.85,1,['cy24-2314.Princeton.EDU']
172.18.193.123,1,['cx24-0443.Princeton.EDU']
10.6.48.166,2,"['PDOM06.pu.win.princeton.edu', 'PU.WIN.PRINCETON.EDU']"
172.18.193.135,1,['cx48-0623.Princeton.EDU']
10.252.81.32,1,['ap-0127-0068.Princeton.EDU']
172.18.0.103,1,['cb24-1571.Princeton.EDU']
172.18.192.136,1,['cx24-0607.Princeton.EDU']
52.22.48.184,1,['e.BibleGateway.com']
128.112.84.242,1,['PHY-PCTS413A.princeton.edu']
104.26.6.251,1,['AZoNetwork.com']
172.18.84.72,1,['arun-3770.Princeton.EDU']
172.18.192.11,1,['cx24-0409.Princeton.EDU']
140.180.219.144,1,['eisess203l.Princeton.EDU']
172.18.192.86,1,['cx24-0827.Princeton.EDU']
172.18.0.67,1,['cb12-1570.Princeton.EDU']
172.18.193.149,1,['cx24-1217.Princeton.EDU']
172.19.70.58,1,['Lowrie.princeton.edu']
172.18.193.101,1,['cx24-0415.Princeton.EDU']
216.235.195.63,1,['mta-LLLV.cluster2.blackbaud.net']
10.6.54.26,1,['iamshib301w.Princeton.EDU']
172.18.193.137,1,['cx24-0624.Princeton.EDU']
128.112.201.22,1,['GER-GQ3NSR1.princeton.edu']
172.18.192.195,1,['cx24-0414.Princeton.EDU']
172.18.1.99,1,['cb12-701-lab.Princeton.EDU']
184.107.113.41,1,['CACOS-M104-i41.carmamail.com']
216.235.195.176,1,['mta-HKXJ.cluster3.blackbaud.net']
10.252.14.101,1,['swrtr-0821.Princeton.EDU']
128.112.116.116,1,['gen-seq-pipeline1.Princeton.EDU']
128.112.73.41,1,['PRZ-HELIOS-OXFD.pu.win.princeton.edu']
172.18.0.17,1,['cb12-1565.Princeton.EDU']
128.112.102.56,1,['psiturk-angelar.Princeton.EDU']
172.18.65.36,1,['arun-3771.Princeton.EDU']
172.18.193.105,1,['cx24-0230.Princeton.EDU']
10.252.81.81,1,['ap-0127-0069.Princeton.EDU']
172.18.192.207,1,['cy24-1046.Princeton.EDU']
204.153.48.41,1,['border-87-router.Princeton.EDU']
172.18.0.169,1,['ct16-2426.Princeton.EDU']
54.83.35.127,1,['GreenwichSentinel.com']
172.18.192.141,1,['cx24-0855.Princeton.EDU']
172.18.3.126,1,['cy24-0653.Princeton.EDU']
130.219.6.64,1,['UBHC.RUTGERS.EDU']
40.113.200.201,1,['Microsoft.com']
172.18.65.37,1,['arun-3772.Princeton.EDU']
34.207.13.235,1,['Vanderbilt.Edu']
172.18.4.129,1,['cx48-1125.Princeton.EDU']
131.225.111.153,1,['LISTSERV.FNAL.GOV']
128.112.86.75,1,['PHY-WBAKR4.princeton.edu']
172.18.2.14,1,['cy24-0692.Princeton.EDU']
10.252.81.39,1,['ap-0127-0070.Princeton.EDU']
128.112.56.27,1,['PRO-9WPG4Z2.princeton.edu']
177.53.9.41,1,['ANTW--177-53-9-41.aliennetwork.net.br']
10.6.55.23,1,['iamcas101l.Princeton.EDU']
172.18.83.207,1,['arun-3773.Princeton.EDU']
10.252.14.17,1,['rtr-agg-0685-a.Princeton.EDU']
172.18.32.82,1,['ca24-1447.Princeton.EDU']
192.175.213.88,1,['Vanguard.com']
208.68.76.50,1,['Christianbook.com']
10.6.56.40,1,['iamprox101l.Princeton.EDU']
172.18.33.18,1,['cy24-0027.Princeton.EDU']
172.18.194.21,1,['cy24-0759.Princeton.EDU']
172.18.4.50,1,['cy48-0919.Princeton.EDU']
128.112.202.5,1,['LIBSERV55.princeton.edu']
172.18.2.245,1,['ce32-1753.Princeton.EDU']
209.119.0.9,1,['HOME.EASE.LSOFT.COM']
172.18.83.208,1,['arun-3774.Princeton.EDU']
216.37.42.139,1,['NEDCC.ORG']
159.127.187.212,1,['service.BarclaysUS.com']
10.252.81.64,1,['ap-0127-0071.Princeton.EDU']
172.217.12.174,1,['GOOGLE.COM']
54.82.17.205,1,['WACloudLB-1801077940.us-east-1.elb.amazonaws.com']
172.18.32.126,1,['cy24-0778.Princeton.EDU']
172.18.33.36,1,['ca12-1942.Princeton.EDU']
165.91.22.232,1,['LISTSERV.TAMU.EDU']
128.6.46.111,1,['RUTGERS.EDU']
97.74.183.148,1,['MarkRobertGordon.com']
172.18.83.209,1,['arun-3775.Princeton.EDU']
172.19.70.44,1,['Lowrie.princeton.edu']
172.18.2.141,1,['ca24-2960.Princeton.EDU']
66.207.141.218,1,['Chatham.edu']
128.112.242.151,1,['ATH-J28JQJ1.princeton.edu']
128.112.241.51,1,['OCS-SIGNAGE001.pu.win.princeton.edu']
128.112.241.103,1,['DEV-902-F2WGH02.princeton.edu']
10.6.55.48,1,['iamadfs100w.Princeton.EDU']
162.250.5.74,1,['US-NJC-ANX-R007.teamviewer.com']
172.18.33.9,1,['cy24-0787.Princeton.EDU']
172.18.192.30,1,['ca12-2464.Princeton.EDU']
23.207.105.4,1,['ALUM.MIT.EDU']
128.112.32.186,1,['CBE-RAR-10.princeton.edu']
10.252.81.43,1,['ap-0127-0072.Princeton.EDU']
172.18.3.12,1,['cy48-1621.Princeton.EDU']
172.18.66.254,1,['arun-3776.Princeton.EDU']
128.112.29.219,1,['EGN-D0QNMD2.princeton.edu']
172.18.32.188,1,['ca12-2360.Princeton.EDU']
173.255.221.194,1,['FCT.groups.io']
162.144.140.147,1,['PMAgroup.com']
128.112.128.152,1,['heymon-subnet128.Princeton.EDU']
172.18.33.4,1,['cy24-0789.Princeton.EDU']
128.112.112.233,1,['MOL-5NDQC42.princeton.edu']
128.112.112.96,1,['MOL-C4PYWR1.princeton.edu']
128.143.230.190,1,['lists.village.Virginia.EDU']
10.252.81.63,1,['ap-0127-0073.Princeton.EDU']
128.112.176.33,1,['splash.Princeton.EDU']
172.18.32.15,1,['cy24-0795.Princeton.EDU']
65.240.185.157,1,['AviatorBusinessCard.com']
184.72.112.29,1,['ConnectedCommunity.org']
172.18.83.212,1,['arun-3862.Princeton.EDU']
128.112.140.163,1,['UHS-7WK4JC2.princeton.edu']
172.18.2.123,1,['cy24-0796.Princeton.EDU']
10.252.81.74,1,['ap-0127-0074.Princeton.EDU']
172.18.83.213,1,['arun-3863.Princeton.EDU']
34.68.114.114,1,['SANESolution.com']
142.90.89.35,1,['TRIUMF.CA']
10.6.57.38,1,['aisob310w.Princeton.EDU']
172.18.2.124,1,['cy24-0806.Princeton.EDU']
128.112.29.120,1,['EGN-HZSFMS1.princeton.edu']
137.254.120.50,1,['ORACLE.COM']
74.208.236.138,1,['Princeton79.org']
172.18.83.214,1,['arun-3864.Princeton.EDU']
10.252.81.72,1,['ap-0127-0075.Princeton.EDU']
66.170.227.133,1,['dns-ext-bedford.MITRE.ORG']
172.19.70.67,2,"['Fac-Forest.princeton.edu', 'Fac-forest.princeton.edu']"
162.220.222.170,1,['US-DEN-ANX-R007.teamviewer.com']
10.6.49.86,1,['aissmb325l.Princeton.EDU']
162.250.2.175,1,['US-MIA-ANX-R012.teamviewer.com']
128.112.149.217,1,['Ryder.princeton.edu']
52.117.209.83,1,['US-DAL-IBM-R018.teamviewer.com']
188.172.214.47,1,['US-LAX-ANX-R012.teamviewer.com']
172.18.2.78,1,['cy24-0819.Princeton.EDU']
188.172.251.42,1,['US-DAL-ANX-R007.teamviewer.com']
130.184.5.240,1,['LISTSERV.UARK.EDU']
209.152.46.213,1,['PCC.EDU']
50.200.153.97,1,['Newdayusa.com']
99.224.176.180,1,['CPEa84e3f417633-CMa84e3f417630.cpe.net.cable.rogers.com']
213.227.173.146,1,['US-WAS-ANX-R015.teamviewer.com']
162.250.6.133,1,['US-CHI-ANX-R002.teamviewer.com']
169.44.131.157,1,['US-SJC-IBM-R028.teamviewer.com']
71.187.217.69,1,['parsonsbabylon5.DiskStation.me']
50.23.151.146,1,['US-SEA-IBM-R017.teamviewer.com']
162.250.7.70,1,['US-ATL-ANX-R003.teamviewer.com']
109.250.138.129,1,['i6DFA8A81.versanet.de']
128.112.56.255,1,['DOF-5NMP9T2.princeton.edu']
10.6.48.189,1,['lrdc207w.Princeton.EDU']
52.117.209.67,1,['US-DAL-IBM-R002.teamviewer.com']
169.60.90.40,1,['US-WAS-IBM-R007.teamviewer.com']
162.220.223.211,1,['US-NJC-ANX-R036.teamviewer.com']
65.111.254.13,1,['McKamish.com']
198.125.224.166,1,['PPPL.GOV']
10.252.81.54,1,['ap-0127-0076.Princeton.EDU']
128.112.85.168,1,['JADWIN-HE-REC.princeton.edu']
172.18.2.125,1,['cy24-0820.Princeton.EDU']
172.18.83.210,1,['arun-3871.Princeton.EDU']
10.252.81.102,1,['ap-0127-0077.Princeton.EDU']
45.60.16.174,1,['AmericanInno.com']
172.18.2.126,1,['cy24-0821.Princeton.EDU']
216.235.195.36,1,['mta-RRRO.cluster2.blackbaud.net']
172.18.83.215,1,['arun-3877.Princeton.EDU']
23.253.125.229,1,['DemocracyFund.org']
128.112.37.147,1,['rain.Princeton.EDU']
10.252.81.38,1,['ap-0127-0078.Princeton.EDU']
69.20.100.231,1,['846315-ProdAUtil01.anninc.com']
172.18.2.131,1,['cy24-0839.Princeton.EDU']
69.28.185.55,1,['US.depot.battle.net']
172.18.83.216,1,['arun-3878.Princeton.EDU']
128.112.221.167,1,['ECO-C02W209PHX8F.princeton.edu']
10.252.81.94,1,['ap-0127-0079.Princeton.EDU']
59.124.206.124,1,['59-124-206-124.HINET-IP.hinet.net']
198.125.224.212,1,['PPPL.GOV']
10.6.54.44,1,['iamshib100w.Princeton.EDU']
172.18.2.117,1,['cy24-0844.Princeton.EDU']
66.231.95.159,1,['mta.emarketing.MGIEmailSolutions.com']
216.235.195.159,1,['mta-RRTY.cluster3.blackbaud.net']
128.112.200.215,1,['LIB-ReLAY02.Pu.wIn.PRiNceTON.eDu']
172.18.83.217,1,['arun-3879.Princeton.EDU']
10.252.81.18,1,['ap-0127-0080.Princeton.EDU']
217.114.85.70,1,['Bain.com']
172.18.2.223,1,['cy24-0845.Princeton.EDU']
216.235.195.49,1,['mta-ABCB.cluster2.blackbaud.net']
172.18.3.225,1,['cx48-0659.Princeton.EDU']
10.252.81.97,1,['ap-0127-0081.Princeton.EDU']
172.18.83.219,1,['arun-3881.Princeton.EDU']
172.18.193.167,1,['cx24-0672.Princeton.EDU']
128.112.173.134,1,['delta.Princeton.EDU']
172.18.65.38,1,['arun-4428.Princeton.EDU']
128.112.226.64,1,['ART-080119A.princeton.edu']
10.252.81.13,1,['ap-0127-0082.Princeton.EDU']
128.112.164.142,1,['DNG-DTHLKB2.princeton.edu']
34.197.130.29,1,['prod-community-LB-2006000074.us-east-1.elb.amazonaws.com']
172.18.2.93,1,['cx48-0675.Princeton.EDU']
10.6.56.38,1,['iamprox301l.Princeton.EDU']
172.18.65.195,1,['arun-4429.Princeton.EDU']
10.6.59.11,1,['iso-202l.Princeton.EDU']
52.34.211.161,1,['BCMLS2.glpals.com']
172.18.193.182,1,['cx24-0682.Princeton.EDU']
10.252.81.30,1,['ap-0127-0083.Princeton.EDU']
52.5.183.187,1,['Evercore.com']
143.228.58.158,1,['MAIL.HOUSE.GOV']
172.18.65.196,1,['arun-4430.Princeton.EDU']
140.180.222.97,1,['sp.Princeton.EDU']
128.112.219.52,1,['MURTHYLAB-PC02.princeton.edu']
172.18.192.137,1,['cx24-0683.Princeton.EDU']
198.117.0.151,1,['NDMSVNPF101.ndc.nasa.gov']
128.112.219.45,1,['DOC-1GLCV12.princeton.edu']
134.53.19.65,1,['LISTSERV.MIAMIOH.EDU']
128.112.216.214,1,['seunglab05.pni.Princeton.EDU']
74.208.232.28,1,['MAIL.COM']
10.8.56.243,1,['AMU-PHANTASOS.pu.win.princeton.edu']
128.112.216.237,1,['seunglab06.pni.Princeton.EDU']
128.112.218.6,1,['seunglab07.pni.Princeton.EDU']
172.18.65.197,1,['arun-4431.Princeton.EDU']
128.112.218.18,1,['seunglab08.pni.Princeton.EDU']
192.175.214.88,1,['Vanguard.com']
10.252.81.89,1,['ap-0127-0084.Princeton.EDU']
134.114.177.181,1,['LISTS.NAU.EDU']
128.192.110.165,1,['LISTSERV.UGA.EDU']
